Level 1,Level 2,Level 3
GRI 2 - General Disclosures,2-1 Organizational Details,2-1-a Legal name
GRI 2 - General Disclosures,2-1 Organizational Details,"2-1-b Nature of ownership, legal form"
GRI 2 - General Disclosures,2-1 Organizational Details,2-1-c Location of headquarters
GRI 2 - General Disclosures,2-1 Organizational Details,2-1-d Countries of operation
GRI 2 - General Disclosures,2-2 Entities included in the organization's sustainability reporting,2-2-a Entities included in sustainability reporting
GRI 2 - General Disclosures,2-2 Entities included in the organization's sustainability reporting,2-2-b Audited financial statements and differences with sustainability reporting
GRI 2 - General Disclosures,2-2 Entities included in the organization's sustainability reporting,2-2-c Consolidation approach and organizational structure
GRI 2 - General Disclosures,2-2 Entities included in the organization's sustainability reporting,2-2-c-i Adjustments for minority interests
GRI 2 - General Disclosures,2-2 Entities included in the organization's sustainability reporting,"2-2-c-ii Treatment of mergers, acquisitions, disposals"
GRI 2 - General Disclosures,2-2 Entities included in the organization's sustainability reporting,2-2-c-iii Differences in consolidation across disclosures and topics
GRI 2 - General Disclosures,"2-3 Reporting period, frequency and contact point",2-3-a Sustainability reporting period and frequency
GRI 2 - General Disclosures,"2-3 Reporting period, frequency and contact point",2-3-b Financial reporting period and alignment with sustainability reporting
GRI 2 - General Disclosures,"2-3 Reporting period, frequency and contact point",2-3-c Publication date of report
GRI 2 - General Disclosures,"2-3 Reporting period, frequency and contact point",2-3-d Contact point for report questions
GRI 2 - General Disclosures,2-4 Restatements of information,2-4-a Restatements from previous periods
GRI 2 - General Disclosures,2-4 Restatements of information,2-4-a-i Reasons for restatements
GRI 2 - General Disclosures,2-4 Restatements of information,2-4-a-ii Effects of restatements
GRI 2 - General Disclosures,2-5 External assurance,2-5-a External assurance policy and governance body involvement
GRI 2 - General Disclosures,2-5 External assurance,2-5-b External assurance details
GRI 2 - General Disclosures,2-5 External assurance,2-5-b-i Assurance report links or references
GRI 2 - General Disclosures,2-5 External assurance,"2-5-b-ii What was assured, standards used, level and limitations"
GRI 2 - General Disclosures,2-5 External assurance,2-5-b-iii Relationship with assurance provider
GRI 2 - General Disclosures,"2-6 Activities, value chain and other business relationships",2-6-a Sectors of activity
GRI 2 - General Disclosures,"2-6 Activities, value chain and other business relationships",2-6-b Value chain overview
GRI 2 - General Disclosures,"2-6 Activities, value chain and other business relationships","2-6-b-i Activities, products, services, and markets served"
GRI 2 - General Disclosures,"2-6 Activities, value chain and other business relationships",2-6-b-ii Supply chain
GRI 2 - General Disclosures,"2-6 Activities, value chain and other business relationships",2-6-b-iii Downstream entities and activities
GRI 2 - General Disclosures,"2-6 Activities, value chain and other business relationships",2-6-c Other business relationships
GRI 2 - General Disclosures,"2-6 Activities, value chain and other business relationships","2-6-d Significant changes to 2-6-a, b, or c"
GRI 2 - General Disclosures,2-7 Employees,2-7 Workforce breakdown by gender and region
GRI 2 - General Disclosures,2-7 Employees,2-7-a Total number of employees
GRI 2 - General Disclosures,2-7 Employees,2-7-b-i Permanent employees
GRI 2 - General Disclosures,2-7 Employees,2-7-b-ii Temporary employees
GRI 2 - General Disclosures,2-7 Employees,2-7-b-iii Non-guaranteed hours employees
GRI 2 - General Disclosures,2-7 Employees,2-7-b-iv Full-time employees
GRI 2 - General Disclosures,2-7 Employees,2-7-b-v Part-time employees
GRI 2 - General Disclosures,2-7 Employees,2-7-c Methodologies and assumptions for employee data
GRI 2 - General Disclosures,2-7 Employees,2-7-c-i Reporting method and explanation
GRI 2 - General Disclosures,2-7 Employees,2-7-c-ii Timing of reported data and explanation
GRI 2 - General Disclosures,2-7 Employees,2-7-d Context for understanding employee data
GRI 2 - General Disclosures,2-7 Employees,2-7-e Fluctuations in employee numbers
GRI 2 - General Disclosures,2-8 Workers who are not employees,2-8-a Workers not employed but controlled by organization
GRI 2 - General Disclosures,2-8 Workers who are not employees,2-8-a-i Common types and contractual relationships
GRI 2 - General Disclosures,2-8 Workers who are not employees,2-8-a-ii Types of work performed
GRI 2 - General Disclosures,2-8 Workers who are not employees,2-8-b Methodologies and assumptions for non-employee workers
GRI 2 - General Disclosures,2-8 Workers who are not employees,2-8-b-i Reporting method and explanation for non-employee workers
GRI 2 - General Disclosures,2-8 Workers who are not employees,2-8-b-ii Timing of reported data for non-employee workers
GRI 2 - General Disclosures,2-8 Workers who are not employees,2-8-c Fluctuations in non-employee worker numbers
GRI 2 - General Disclosures,2-9 Governance structure and composition,2-9-a Governance structure and committees
GRI 2 - General Disclosures,2-9 Governance structure and composition,2-9-b Committees overseeing impact management
GRI 2 - General Disclosures,2-9 Governance structure and composition,2-9-c-i Governance body composition: executive/non-executive
GRI 2 - General Disclosures,2-9 Governance structure and composition,2-9-c-ii Governance body composition: independence
GRI 2 - General Disclosures,2-9 Governance structure and composition,2-9-c-iii Governance body composition: tenure
GRI 2 - General Disclosures,2-9 Governance structure and composition,2-9-c-iv Governance body composition: other positions and commitments
GRI 2 - General Disclosures,2-9 Governance structure and composition,2-9-c-v Governance body composition: gender
GRI 2 - General Disclosures,2-9 Governance structure and composition,2-9-c-vi Governance body composition: under-represented groups
GRI 2 - General Disclosures,2-9 Governance structure and composition,2-9-c-vii Governance body composition: competencies related to impacts
GRI 2 - General Disclosures,2-9 Governance structure and composition,2-9-c-viii Governance body composition: stakeholder representation
GRI 2 - General Disclosures,2-10 Nomination and selection of the highest governance body,2-10-a Nomination and selection process
GRI 2 - General Disclosures,2-10 Nomination and selection of the highest governance body,2-10-b Criteria for nomination and selection
GRI 2 - General Disclosures,2-10 Nomination and selection of the highest governance body,2-10-b-i Stakeholder views in selection process
GRI 2 - General Disclosures,2-10 Nomination and selection of the highest governance body,2-10-b-ii Consideration of diversity in selection
GRI 2 - General Disclosures,2-10 Nomination and selection of the highest governance body,2-10-b-iii Consideration of independence in selection
GRI 2 - General Disclosures,2-10 Nomination and selection of the highest governance body,2-10-b-iv Consideration of impact-related competencies in selection
GRI 2 - General Disclosures,2-11 Chair of the highest governance body,2-11-a Chair of governance body as senior executive?
GRI 2 - General Disclosures,2-11 Chair of the highest governance body,2-11-b Explanation if chair is a senior executive
GRI 2 - General Disclosures,2-12 Role of the highest governance body in overseeing the management of impacts,2-12-a Role of governance body and executives in sustainability strategy
GRI 2 - General Disclosures,2-12 Role of the highest governance body in overseeing the management of impacts,2-12-b Oversight of due diligence and impact processes
GRI 2 - General Disclosures,2-12 Role of the highest governance body in overseeing the management of impacts,2-12-b-i Stakeholder engagement in due diligence
GRI 2 - General Disclosures,2-12 Role of the highest governance body in overseeing the management of impacts,2-12-b-ii Use of due diligence outcomes
GRI 2 - General Disclosures,2-12 Role of the highest governance body in overseeing the management of impacts,2-12-c Governance review of impact processes and frequency
GRI 2 - General Disclosures,2-13 Delegation of responsibility for managing impacts,2-13-a Delegation of impact management
GRI 2 - General Disclosures,2-13 Delegation of responsibility for managing impacts,2-13-a-i Appointment of senior executives for impact management
GRI 2 - General Disclosures,2-13 Delegation of responsibility for managing impacts,2-13-a-ii Delegation to other employees
GRI 2 - General Disclosures,2-13 Delegation of responsibility for managing impacts,2-13-b Reporting back to governance body on impacts and frequency
GRI 2 - General Disclosures,2-14 Role of the highest governance body in sustainability reporting,2-14-a Governance body review of reported information
GRI 2 - General Disclosures,2-14 Role of the highest governance body in sustainability reporting,2-14-b Explanation if governance body does not review
GRI 2 - General Disclosures,2-15 Conflicts of interest,2-15-a Conflict of interest prevention and mitigation
GRI 2 - General Disclosures,2-15 Conflicts of interest,2-15-b Disclosure of conflicts of interest
GRI 2 - General Disclosures,2-15 Conflicts of interest,2-15-b-i Cross-board membership conflicts
GRI 2 - General Disclosures,2-15 Conflicts of interest,2-15-b-ii Cross-shareholding conflicts
GRI 2 - General Disclosures,2-15 Conflicts of interest,2-15-b-iii Controlling shareholder conflicts
GRI 2 - General Disclosures,2-15 Conflicts of interest,2-15-b-iv Related party conflicts
GRI 2 - General Disclosures,2-16 Communication of critical concerns,2-16-a Communication of critical concerns
GRI 2 - General Disclosures,2-16 Communication of critical concerns,2-16-b Total and nature of critical concerns reported
GRI 2 - General Disclosures,2-17 Collective knowledge of the highest governance body,2-17-a Capacity-building for governance body on sustainability
GRI 2 - General Disclosures,2-18 Evaluation of the performance of the highest governance body,2-18-a Evaluation of governance body performance
GRI 2 - General Disclosures,2-18 Evaluation of the performance of the highest governance body,2-18-b Independence and frequency of evaluations
GRI 2 - General Disclosures,2-18 Evaluation of the performance of the highest governance body,2-18-c Actions taken based on evaluations
GRI 2 - General Disclosures,2-19 Remuneration policies,2-19-a Remuneration policies and authority
GRI 2 - General Disclosures,2-19 Remuneration policies,2-19-a-i Fixed and variable pay
GRI 2 - General Disclosures,2-19 Remuneration policies,2-19-a-ii Sign-on and recruitment bonuses
GRI 2 - General Disclosures,2-19 Remuneration policies,2-19-a-iii Termination payments
GRI 2 - General Disclosures,2-19 Remuneration policies,2-19-a-iv Clawbacks
GRI 2 - General Disclosures,2-19 Remuneration policies,2-19-a-v Retirement benefits
GRI 2 - General Disclosures,2-19 Remuneration policies,2-19-b Link between remuneration policies and performance
GRI 2 - General Disclosures,2-20 Process to determine remuneration,2-20-a Remuneration determination process
GRI 2 - General Disclosures,2-20 Process to determine remuneration,2-20-a-i Oversight of remuneration process
GRI 2 - General Disclosures,2-20 Process to determine remuneration,2-20-a-ii Stakeholder input on remuneration
GRI 2 - General Disclosures,2-20 Process to determine remuneration,2-20-a-iii Involvement and independence of consultants
GRI 2 - General Disclosures,2-20 Process to determine remuneration,2-20-b Voting results on remuneration
GRI 2 - General Disclosures,2-21 Annual total compensation ratio,2-21-a Pay ratio (highest paid to median)
GRI 2 - General Disclosures,2-21 Annual total compensation ratio,2-21-b Pay increase ratio (highest paid to median)
GRI 2 - General Disclosures,2-21 Annual total compensation ratio,2-21-c Context for pay ratios
GRI 2 - General Disclosures,2-22 Statement on sustainable development strategy,2-22-a Statement on sustainable development strategy
GRI 2 - General Disclosures,2-23 Policy commitments,2-23-a Responsible business conduct policy
GRI 2 - General Disclosures,2-23 Policy commitments,2-23-a-i Referenced intergovernmental instruments
GRI 2 - General Disclosures,2-23 Policy commitments,2-23-a-ii Due diligence requirements
GRI 2 - General Disclosures,2-23 Policy commitments,2-23-a-iii Precautionary principle inclusion
GRI 2 - General Disclosures,2-23 Policy commitments,2-23-a-iv Respect for human rights
GRI 2 - General Disclosures,2-23 Policy commitments,2-23-b Human rights policy commitment
GRI 2 - General Disclosures,2-23 Policy commitments,2-23-b-i Covered human rights
GRI 2 - General Disclosures,2-23 Policy commitments,2-23-b-ii Focus on vulnerable groups
GRI 2 - General Disclosures,2-23 Policy commitments,2-23-c Availability and links to policy commitments
GRI 2 - General Disclosures,2-23 Policy commitments,2-23-d Approval level for commitments
GRI 2 - General Disclosures,2-23 Policy commitments,2-23-e Applicability across activities and relationships
GRI 2 - General Disclosures,2-23 Policy commitments,2-23-f Communication of commitments
GRI 2 - General Disclosures,2-24 Embedding policy commitments,2-24-a Embedding of policy commitments
GRI 2 - General Disclosures,2-24 Embedding policy commitments,2-24-a-i Allocation of responsibilities
GRI 2 - General Disclosures,2-24 Embedding policy commitments,2-24-a-ii Integration into strategy and operations
GRI 2 - General Disclosures,2-24 Embedding policy commitments,2-24-a-iii Implementation via business relationships
GRI 2 - General Disclosures,2-24 Embedding policy commitments,2-24-a-iv Training for implementation
GRI 2 - General Disclosures,2-25 Processes to remediate negative impacts,2-25-a Remediation commitments
GRI 2 - General Disclosures,2-25 Processes to remediate negative impacts,2-25-b Grievance mechanisms
GRI 2 - General Disclosures,2-25 Processes to remediate negative impacts,2-25-c Other remediation processes
GRI 2 - General Disclosures,2-25 Processes to remediate negative impacts,2-25-d Stakeholder involvement in grievance design
GRI 2 - General Disclosures,2-25 Processes to remediate negative impacts,2-25-e Effectiveness tracking and examples
GRI 2 - General Disclosures,2-26 Mechanisms for seeking advice and raising concerns,2-26-a-i Mechanisms for seeking advice on responsible conduct
GRI 2 - General Disclosures,2-26 Mechanisms for seeking advice and raising concerns,2-26-a-ii Mechanisms for raising concerns
GRI 2 - General Disclosures,2-27 Compliance with laws and regulations,2-27-a Significant non-compliance cases
GRI 2 - General Disclosures,2-27 Compliance with laws and regulations,2-27-a-i Cases with fines
GRI 2 - General Disclosures,2-27 Compliance with laws and regulations,2-27-a-ii Cases with non-monetary sanctions
GRI 2 - General Disclosures,2-27 Compliance with laws and regulations,2-27-b Fines for non-compliance
GRI 2 - General Disclosures,2-27 Compliance with laws and regulations,2-27-b-i Fines from current period non-compliance
GRI 2 - General Disclosures,2-27 Compliance with laws and regulations,2-27-b-ii Fines from prior period non-compliance
GRI 2 - General Disclosures,2-27 Compliance with laws and regulations,2-27-c Description of non-compliance cases
GRI 2 - General Disclosures,2-27 Compliance with laws and regulations,2-27-d Methodology for determining significance
GRI 2 - General Disclosures,2-28 Membership associations,2-28-a Significant association memberships
GRI 2 - General Disclosures,2-29 Approach to stakeholder engagement,2-29-a Stakeholder engagement approach
GRI 2 - General Disclosures,2-29 Approach to stakeholder engagement,2-29-a-i Stakeholder categories and selection
GRI 2 - General Disclosures,2-29 Approach to stakeholder engagement,2-29-a-ii Purpose of engagement
GRI 2 - General Disclosures,2-29 Approach to stakeholder engagement,2-29-a-iii Ensuring meaningful engagement
GRI 2 - General Disclosures,2-30 Collective bargaining agreements,2-30-a Collective bargaining coverage
GRI 2 - General Disclosures,2-30 Collective bargaining agreements,2-30-b Use of collective bargaining to determine conditions for uncovered employees
GRI 3 - Material Topics,3-1 Process to determine material topics,3-1-a Process to determine material topics
GRI 3 - Material Topics,3-1 Process to determine material topics,3-1-a-i Process for identifying impacts across activities and business relationships
GRI 3 - Material Topics,3-1 Process to determine material topics,3-1-a-ii Process for prioritizing impacts based on significance for reporting
GRI 3 - Material Topics,3-1 Process to determine material topics,3-1-b: Stakeholders and experts whose views have informed the process of determining material topics
GRI 3 - Material Topics,3-2 List of material topics (Sector agnostic),3-2-a: List of applicable disclosures
GRI 3 - Material Topics,3-3 Management of material topics,"3-3-a Describe the actual and potential, negative and positive impacts on the economy, environment and people, including impacts on their human rights"
GRI 3 - Material Topics,3-3 Management of material topics,"3-3-b Is the organisation involved with those negative impacts through its activities or via its business relationships, and describe the relevant activities or relationships"
GRI 3 - Material Topics,3-3 Management of material topics,3-3-c Describe the policies or commitments regarding the material topic
GRI 3 - Material Topics,3-3 Management of material topics,3-3-d-i Actions to prevent or mitigate potential negative impacts
GRI 3 - Material Topics,3-3 Management of material topics,"3-3-d-ii Actions to address actual negative impacts, including remediation"
GRI 3 - Material Topics,3-3 Management of material topics,3-3-d-iii Actions to manage actual and potential positive impacts
GRI 3 - Material Topics,3-3 Management of material topics,3-3-e-i Processes used to track the effectiveness of the actions
GRI 3 - Material Topics,3-3 Management of material topics,"3-3-e-ii Goals, targets and indicators used to evaluate progress"
GRI 3 - Material Topics,3-3 Management of material topics,"3-3-e-iii Effectiveness of the actions, including progress toward the goals and targets"
GRI 3 - Material Topics,3-3 Management of material topics,3-3-e-iv Lessons learned and how these have been incorporated into operational policies and procedures
GRI 3 - Material Topics,3-3 Management of material topics,3-3-f Describe how engagement with stakeholders has informed the actions taken (3-3-d) and how it has informed whether the actions have been effective (3-3-e)
GRI 101 - Biodiversity 2024,101-1 Policies to halt and reverse biodiversity loss,101-1-a Policies & commitments to halt and reverse biodiversity loss (informed by Kunming-Montreal GBF 2030 Targets / 2050 Goals)
GRI 101 - Biodiversity 2024,101-1 Policies to halt and reverse biodiversity loss,101-1-b Scope of those policies & commitments own operations and business relationships
GRI 101 - Biodiversity 2024,101-1 Policies to halt and reverse biodiversity loss,"101-1-c Biodiversity goals, targets, base year and indicators for tracking progress"
GRI 101 - Biodiversity 2024,101-2 Management of biodiversity impacts,101-2-a-i Actions taken to avoid negative impacts on biodiversity
GRI 101 - Biodiversity 2024,101-2 Management of biodiversity impacts,101-2-a-ii Actions taken to minimize negative impacts on biodiversity that were not avoided
GRI 101 - Biodiversity 2024,101-2 Management of biodiversity impacts,"101-2-a-iii Restoration and rehabilitation actions undertaken for affected ecosystems, their goals, and how stakeholders are engaged throughout the process."
GRI 101 - Biodiversity 2024,101-2 Management of biodiversity impacts,101-2-a-iv Actions taken to offset residual negative impacts on biodiversity
GRI 101 - Biodiversity 2024,101-2 Management of biodiversity impacts,101-2-a-v Transformative actions taken and additional conservation actions implemented
GRI 101 - Biodiversity 2024,101-2 Management of biodiversity impacts,101-2-b-i Size in hectares of the area under restoration or rehabilitation
GRI 101 - Biodiversity 2024,101-2 Management of biodiversity impacts,101-2-b-ii Size in hectares of the area restored or rehabilitated
GRI 101 - Biodiversity 2024,101-2 Management of biodiversity impacts,101-2-c-i Goals of biodiversity offset
GRI 101 - Biodiversity 2024,101-2 Management of biodiversity impacts,101-2-c-ii Geographic location of biodiverisity offset
GRI 101 - Biodiversity 2024,101-2 Management of biodiversity impacts,101-2-c-iii Principles of good offset practice applied and how they are met
GRI 101 - Biodiversity 2024,101-2 Management of biodiversity impacts,101-2-c-iv Third-party certification or verification of the offset whether it exists and how it is carried out
GRI 101 - Biodiversity 2024,101-2 Management of biodiversity impacts,"101-2-d Sites with the most significant biodiversity impacts that have a biodiversity management plan, and the reasons why other high-impact sites lack one."
GRI 101 - Biodiversity 2024,101-2 Management of biodiversity impacts,101-2-e Ways in which biodiversity-management actions enhance synergies with climate-change measures and reduce trade-offs between them.
GRI 101 - Biodiversity 2024,101-2 Management of biodiversity impacts,101-2-f Actions taken to manage impacts on biodiversity avoid and minimize negative impacts and maximize positive impacts for stakeholders
GRI 101 - Biodiversity 2024,101-3 Access and benefit-sharing,101-3-a Process to ensure compliance with access and benefit-sharing regulations and measures
GRI 101 - Biodiversity 2024,101-3 Access and benefit-sharing,101-3-b Voluntary actions taken to advance access and benefit-sharing that are additional to legal obligations or when there are no regulations and measures
GRI 101 - Biodiversity 2024,101-4 Identification of biodiversity impacts,"101-4-a Method used to identify which sites, products, and services in the supply chain have the most significant actual and potential impacts on biodiversity"
GRI 101 - Biodiversity 2024,101-5 Locations with biodiversity impacts,"101-5-a Sites with the most significant biodiversity impacts, identified location and size (hectares)."
GRI 101 - Biodiversity 2024,101-5 Locations with biodiversity impacts,"101-5-b Whether each site lies in or near an ecologically sensitive area and, if so, the type of area and the site’s distance from it."
GRI 101 - Biodiversity 2024,101-5 Locations with biodiversity impacts,101-5-c Activities taken place at each site
GRI 101 - Biodiversity 2024,101-5 Locations with biodiversity impacts,101-5-d Biodiversity impacts of supply-chain products/services and the countries or jurisdictions where their activities occur
GRI 101 - Biodiversity 2024,101-6 Direct drivers of biodiversity loss,101-6-a Land and sea use change
GRI 101 - Biodiversity 2024,101-6 Direct drivers of biodiversity loss,"101-6-a-i Size (hectares) of natural ecosystems converted since the cut-off/reference date, the date itself, and the ecosystem type before and after conversion."
GRI 101 - Biodiversity 2024,101-6 Direct drivers of biodiversity loss,"101-6-a-ii Land and sea area converted (hectares) from one intensively used or modified ecosystem to another during the reporting period, specifying the ecosystem types before and after conversion."
GRI 101 - Biodiversity 2024,101-6 Direct drivers of biodiversity loss,101-6-b Exploitation of natural resources
GRI 101 - Biodiversity 2024,101-6 Direct drivers of biodiversity loss,"101-6-b-i Harvest of wild species - species types, quantities, and their extinction-risk levels."
GRI 101 - Biodiversity 2024,101-6 Direct drivers of biodiversity loss,101-6-b-ii Water withdrawal and consumption volumes.
GRI 101 - Biodiversity 2024,101-6 Direct drivers of biodiversity loss,101-6-c Pollutants generated - type and quantity.
GRI 101 - Biodiversity 2024,101-6 Direct drivers of biodiversity loss,101-6-d Invasive alien species introduced and the pathways through which they are or may be introduced.
GRI 101 - Biodiversity 2024,101-6 Direct drivers of biodiversity loss,"101-6-e Direct biodiversity-driver data for those supply-chain products/services, by country or jurisdiction"
GRI 101 - Biodiversity 2024,101-6 Direct drivers of biodiversity loss,"101-6-f Standards, methodologies, and assumptions used to compile the data."
GRI 101 - Biodiversity 2024,101-7 Changes to the state of biodiversity,101-7-a Sites with the most significant impacts on biodiversity
GRI 101 - Biodiversity 2024,101-7 Changes to the state of biodiversity,101-7-a-i Type of affected or potentially affected ecosystem for the base year
GRI 101 - Biodiversity 2024,101-7 Changes to the state of biodiversity,101-7-a-ii Ecosystem size in hectares for the base year
GRI 101 - Biodiversity 2024,101-7 Changes to the state of biodiversity,101-7-a-iii Significant biodiversity sites: Ecosystem condition - base year and current period
GRI 101 - Biodiversity 2024,101-7 Changes to the state of biodiversity,"101-7-b Data-compilation context - standards, methods, assumptions"
GRI 101 - Biodiversity 2024,101-8 Ecosystem services,"101-8-a Sites with the most significant biodiversity impacts, and the ecosystem services and beneficiaries affected."
GRI 101 - Biodiversity 2024,101-8 Ecosystem services,101-8-b How Organization’s activities are or could affect ecosystem services and beneficiaries
GRI 201 - Economic Performance,201-1 Direct economic value generated and distributed,"201-1-a Basis (accruals or cash) for reporting direct economic value generated and distributed, and justification if cash basis is used."
GRI 201 - Economic Performance,201-1 Direct economic value generated and distributed,201-1-a-i Direct economic value generated: revenues
GRI 201 - Economic Performance,201-1 Direct economic value generated and distributed,"201-1-a-ii Economic value distributed: operating costs, employee wages and benefits, payments to providers of capital, payments to government by country, and community investments"
GRI 201 - Economic Performance,201-1 Direct economic value generated and distributed,"201-1-a-iii Economic value retained: ""direct economic value generated"" less ""economic value distributed"""
GRI 201 - Economic Performance,201-1 Direct economic value generated and distributed,"201-1-b Geographic level used (country, region, or market) and the criteria for defining significance."
GRI 201 - Economic Performance,201-2 Financial implications and other risks and opportunities due to climate change,"201-2-a Climate-related risks and opportunities that could materially affect operations, revenue, or expenditure"
GRI 201 - Economic Performance,201-2 Financial implications and other risks and opportunities due to climate change,"201-2-a-i Risk or opportunity, classified as physical, regulatory, or other"
GRI 201 - Economic Performance,201-2 Financial implications and other risks and opportunities due to climate change,201-2-a-ii Associated impact of the risk or opportunity
GRI 201 - Economic Performance,201-2 Financial implications and other risks and opportunities due to climate change,201-2-a-iii Financial implications of the risk or opportunity before action is taken
GRI 201 - Economic Performance,201-2 Financial implications and other risks and opportunities due to climate change,201-2-a-iv Methods used to manage the risk or opportunity
GRI 201 - Economic Performance,201-2 Financial implications and other risks and opportunities due to climate change,201-2-a-v Costs of actions taken to manage the risk or opportunity
GRI 201 - Economic Performance,201-2 Financial implications and other risks and opportunities due to climate change,201-2-2.2 System to quantify financial implications / revenue projections and the plans & timeline for developing that system.
GRI 201 - Economic Performance,201-3 Defined benefit plan obligations and other retirement plans,201-3-a Estimated plan liabilities covered by the organization’s general resources
GRI 201 - Economic Performance,201-3 Defined benefit plan obligations and other retirement plans,201-3-b Separate fund in place to meet pension liabilities
GRI 201 - Economic Performance,201-3 Defined benefit plan obligations and other retirement plans,201-3-b-i Extent to which the scheme’s liabilities are estimated to be covered by the assets that have been set aside to meet them
GRI 201 - Economic Performance,201-3 Defined benefit plan obligations and other retirement plans,201-3-b-ii Basis on which that estimate has been arrived at
GRI 201 - Economic Performance,201-3 Defined benefit plan obligations and other retirement plans,201-3-b-iii When that estimate was made
GRI 201 - Economic Performance,201-3 Defined benefit plan obligations and other retirement plans,201-3-c Strategy and timeline to achieve full coverage of unfunded pension liabilities
GRI 201 - Economic Performance,201-3 Defined benefit plan obligations and other retirement plans,201-3-d Employee and employer pension-contribution rates (percentage of salary)
GRI 201 - Economic Performance,201-3 Defined benefit plan obligations and other retirement plans,201-3-e Level of participation in retirement plans
GRI 201 - Economic Performance,201-4 Financial assistance received from government,201-4-a-i Monetary value of tax relief and tax credits received from any government during the reporting period
GRI 201 - Economic Performance,201-4 Financial assistance received from government,201-4-a-ii Monetary value of subsidies received from any government during the reporting period
GRI 201 - Economic Performance,201-4 Financial assistance received from government,"201-4-a-iii Monetary value of investment grants, research and development grants, and other relevant types of grant received from any government during the reporting period"
GRI 201 - Economic Performance,201-4 Financial assistance received from government,201-4-a-iv Monetary value of awards received from any government during the reporting period
GRI 201 - Economic Performance,201-4 Financial assistance received from government,201-4-a-v Monetary value of royalty holidays received from any government during the reporting period
GRI 201 - Economic Performance,201-4 Financial assistance received from government,201-4-a-vi Monetary value of financial assistance from Export Credit Agencies (ECAs) received during the reporting period
GRI 201 - Economic Performance,201-4 Financial assistance received from government,201-4-a-vii Monetary value of financial incentives received from any government during the reporting period
GRI 201 - Economic Performance,201-4 Financial assistance received from government,201-4-a-viii Monetary value of other financial benefits received or receivable from any government for any operation during the reporting period
GRI 201 - Economic Performance,201-4 Financial assistance received from government,201-4-b Countries or jurisdictions where government financial assistance is received
GRI 201 - Economic Performance,201-4 Financial assistance received from government,201-4-c Presence and extent of government ownership in the shareholding structure
GRI 202 - Market Presence,202-1 Ratios of standard entry level wage by gender compared to local minimum wage,202-1-a Entry-level-to-minimum wage ratio (by gender and key location) and whether a significant share earn minimum wage.
GRI 202 - Market Presence,202-1 Ratios of standard entry level wage by gender compared to local minimum wage,202-1-b Minimum-wage coverage of non-employee workers and steps taken to verify they are paid above it.
GRI 202 - Market Presence,202-1 Ratios of standard entry level wage by gender compared to local minimum wage,202-1-c Local minimum-wage availability or variability (by gender) and the reference wage used where multiple minima apply.
GRI 202 - Market Presence,202-1 Ratios of standard entry level wage by gender compared to local minimum wage,"202-1-d Definition used for ""significant locations of operation"""
GRI 202 - Market Presence,202-2 Proportion of senior management hired from the local community,202-2-a Percentage of senior management hired from the local community at each significant location of operation
GRI 202 - Market Presence,202-2 Proportion of senior management hired from the local community,"202-2-b Definition of ""senior management"""
GRI 202 - Market Presence,202-2 Proportion of senior management hired from the local community,"202-2-c Geographic definition of ""local"""
GRI 202 - Market Presence,202-2 Proportion of senior management hired from the local community,"202-2-d Definition of ""significant locations of operation"""
GRI 203 - Indirect Economic Impacts,203-1 Infrastructure investments and services supported,203-1-a Development extent of significant infrastructure investments and services supported
GRI 203 - Indirect Economic Impacts,203-1 Infrastructure investments and services supported,203-1-b Current or expected impacts on communities and local economies
GRI 203 - Indirect Economic Impacts,203-1 Infrastructure investments and services supported,"203-1-c Nature of the investments and services (commercial, in-kind, or pro bono)"
GRI 203 - Indirect Economic Impacts,203-2 Significant indirect economic impacts,203-2-a Examples of significant identified indirect economic impacts
GRI 203 - Indirect Economic Impacts,203-2 Significant indirect economic impacts,203-2-b Significance of the indirect economic impacts in the context of external benchmarks and stakeholder priorities
GRI 204 - Procurement Practices,204-1 Proportion of spending on local suppliers,204-1-a Percentage of the procurement budget used for significant locations of operation that is spent on suppliers local to that operation
GRI 204 - Procurement Practices,204-1 Proportion of spending on local suppliers,"204-1-b Geographical definition of ""local"""
GRI 204 - Procurement Practices,204-1 Proportion of spending on local suppliers,204-1-c Definition used for 'significant locations of operation'
GRI 205 - Anti-corruption,205-1 Operations assessed for risks related to corruption,205-1-a Operations assessed for corruption risk - total number and percentage
GRI 205 - Anti-corruption,205-1 Operations assessed for risks related to corruption,205-1-b Significant risks related to corruption identified through the risk assessment
GRI 205 - Anti-corruption,205-2 Communication and training about anti-corruption policies and procedures,"205-2-a Governance-body members reached with anti-corruption policies - total number and percentage, by region"
GRI 205 - Anti-corruption,205-2 Communication and training about anti-corruption policies and procedures,"205-2-b Employees reached with anti-corruption policies - total number and percentage, by employee category"
GRI 205 - Anti-corruption,205-2 Communication and training about anti-corruption policies and procedures,"205-2-c Business partners reached with anti-corruption policies - total number, percentage, and communication method, by partner type"
GRI 205 - Anti-corruption,205-2 Communication and training about anti-corruption policies and procedures,205-2-d Governance-body members trained on anti-corruption - total number and percentage
GRI 205 - Anti-corruption,205-2 Communication and training about anti-corruption policies and procedures,205-2-e Employees trained on anti-corruption - total number and percentage
GRI 205 - Anti-corruption,205-3 Confirmed incidents of corruption and actions taken,205-3-a Confirmed corruption incidents - total number and nature
GRI 205 - Anti-corruption,205-3 Confirmed incidents of corruption and actions taken,205-3-b Employees dismissed or disciplined for confirmed corruption - number of incidents
GRI 205 - Anti-corruption,205-3 Confirmed incidents of corruption and actions taken,205-3-c Business-partner contracts terminated or not renewed due to confirmed corruption - number of incidents
GRI 205 - Anti-corruption,205-3 Confirmed incidents of corruption and actions taken,205-3-d Public corruption cases against the organisation or its employees - and their outcomes
GRI 206 - Anti-competitive Behavior,"206-1 Legal actions for anti-competitive behavior, anti-trust, and monopoly practices","206-1-a Legal actions for anti-competitive behaviour, anti-trust, or monopoly violations involving the organisation - number pending/completed in the reporting period"
GRI 206 - Anti-competitive Behavior,"206-1 Legal actions for anti-competitive behavior, anti-trust, and monopoly practices","206-1-b Main outcomes of completed legal actions, including any decisions or judgements"
GRI 207 - Tax,207-1 Approach to tax,"207-1-a Approach to tax - strategy, governance oversight, and alignment with business and compliance"
GRI 207 - Tax,207-1 Approach to tax,207-1-a-i Presence of a tax strategy
GRI 207 - Tax,207-1 Approach to tax,207-1-a-i Link to this strategy if publicly available
GRI 207 - Tax,207-1 Approach to tax,"207-1-a-ii Governance body/executive position that reviews and approves the tax strategy, and its review frequency"
GRI 207 - Tax,207-1 Approach to tax,207-1-a-iii Approach to regulatory compliance
GRI 207 - Tax,207-1 Approach to tax,207-1-a-iv Approach to tax is linked to the business and sustainable development strategies of the organization
GRI 207 - Tax,"207-2 Tax governance, control, and risk management",207-2-a Tax governance and control framework
GRI 207 - Tax,"207-2 Tax governance, control, and risk management",207-2-a-i Governance body/executive position accountable for compliance with the tax strategy
GRI 207 - Tax,"207-2 Tax governance, control, and risk management",207-2-a-ii How the approach to tax is embedded within the organization
GRI 207 - Tax,"207-2 Tax governance, control, and risk management","207-2-a-iii Approach to tax risks, including how risks are identified, managed, and monitored"
GRI 207 - Tax,"207-2 Tax governance, control, and risk management",207-2-a-iv How compliance with the tax governance and control framework is evaluated
GRI 207 - Tax,"207-2 Tax governance, control, and risk management",207-2-b Mechanisms to raise concerns about the organization's business conduct and integrity in relation to tax
GRI 207 - Tax,"207-2 Tax governance, control, and risk management",207-2-c Assurance process for tax disclosures and reference to any external assurance reports or statements
GRI 207 - Tax,207-3 Stakeholder engagement and management of concerns related to tax,207-3-a Approach to stakeholder engagement and management of stakeholder concerns related to tax
GRI 207 - Tax,207-3 Stakeholder engagement and management of concerns related to tax,207-3-a-i Approach to engagement with tax authorities
GRI 207 - Tax,207-3 Stakeholder engagement and management of concerns related to tax,207-3-a-ii Approach to public policy advocacy on tax
GRI 207 - Tax,207-3 Stakeholder engagement and management of concerns related to tax,"207-3-a-iii Processes for collecting and considering the views and concerns of stakeholders, including external stakeholders"
GRI 207 - Tax,207-4 Country-by-country reporting,207-4-a Tax jurisdictions where all consolidated entities are tax resident
GRI 207 - Tax,207-4 Country-by-country reporting,207-4-b Country-by-country tax and economic data per jurisdiction
GRI 207 - Tax,207-4 Country-by-country reporting,207-4-b-i Names of the resident entities
GRI 207 - Tax,207-4 Country-by-country reporting,207-4-b-ii Primary activities of the organization
GRI 207 - Tax,207-4 Country-by-country reporting,207-4-b-iii Number of employees
GRI 207 - Tax,207-4 Country-by-country reporting,207-4-b-iii Basis of calculation of the number of employees
GRI 207 - Tax,207-4 Country-by-country reporting,207-4-b-iv Revenues from third-party sales
GRI 207 - Tax,207-4 Country-by-country reporting,207-4-b-v Revenues from intra-group transactions with other tax jurisdictions
GRI 207 - Tax,207-4 Country-by-country reporting,207-4-b-vi Profit/loss before tax
GRI 207 - Tax,207-4 Country-by-country reporting,207-4-b-vii Tangible assets other than cash and cash equivalents
GRI 207 - Tax,207-4 Country-by-country reporting,207-4-b-viii Corporate income tax paid on a cash basis
GRI 207 - Tax,207-4 Country-by-country reporting,207-4-b-ix Corporate income tax accrued on profit/loss
GRI 207 - Tax,207-4 Country-by-country reporting,207-4-b-x Reasons for the gap between accrued income tax and the amount calculated at the statutory rate
GRI 207 - Tax,207-4 Country-by-country reporting,207-4-c Time period covered by the information reported in Disclosure 207-4
GRI 207 - Tax,207-4 Country-by-country reporting,"207-4-2.2.1 Explanation of any mismatch between 207-4-b(iv, vi–viii) data and the audited consolidated financial statements or public filings"
GRI 301 - Materials,301-1 Materials used by weight or volume,"301-1-a Materials used to produce and package primary products and services - resource type, total weight, and total volume"
GRI 301 - Materials,301-2 Recycled input materials used,301-2-a Percentage of recycled input materials used to manufacture primary products and services
GRI 301 - Materials,301-3 Reclaimed products and their packaging materials,"301-3-a Percentage of products and packaging materials reclaimed, by product category"
GRI 301 - Materials,301-3 Reclaimed products and their packaging materials,301-3-b Data collection methods
GRI 302 - Energy,302-1 Energy consumption within the organization,302-1-a Fuel consumption from non-renewable sources - total amount and fuel types used
GRI 302 - Energy,302-1 Energy consumption within the organization,302-1-b Fuel consumption from renewable sources - total amount and fuel types used
GRI 302 - Energy,302-1 Energy consumption within the organization,302-1-c-i Electricity consumption
GRI 302 - Energy,302-1 Energy consumption within the organization,302-1-c-ii Heating consumption
GRI 302 - Energy,302-1 Energy consumption within the organization,302-1-c-iii Cooling consumption
GRI 302 - Energy,302-1 Energy consumption within the organization,302-1-c-iv Steam consumption
GRI 302 - Energy,302-1 Energy consumption within the organization,302-1-d-i Electricity sold
GRI 302 - Energy,302-1 Energy consumption within the organization,302-1-d-ii Heating sold
GRI 302 - Energy,302-1 Energy consumption within the organization,302-1-d-iii Cooling sold
GRI 302 - Energy,302-1 Energy consumption within the organization,302-1-d-iv Steam sold
GRI 302 - Energy,302-1 Energy consumption within the organization,302-1-e Energy consumption within the organization
GRI 302 - Energy,302-1 Energy consumption within the organization,"302-1-f Standards, methodologies, assumptions, and/or calculation tools used to calculate energy consumption within the organization"
GRI 302 - Energy,302-1 Energy consumption within the organization,302-1-g Source of the conversion factors used to calculate energy consumption within the organization
GRI 302 - Energy,302-2 Energy consumption outside of the organization,302-2-a Energy consumption outside of the organization
GRI 302 - Energy,302-2 Energy consumption outside of the organization,"302-2-b Standards, methodologies, assumptions, and/or calculation tools used to calculate consumption outside the organization"
GRI 302 - Energy,302-2 Energy consumption outside of the organization,302-2-c Source of the conversion factors used to calculate energy consumption outside the organization
GRI 302 - Energy,302-3 Energy intensity,302-3-a Energy intensity ratio for the organization
GRI 302 - Energy,302-3 Energy intensity,302-3-a:Unit for energy intensity ratio
GRI 302 - Energy,302-3 Energy intensity,302-3-b Organization-specific metric (the denominator) chosen to calculate the energy intensity ratio
GRI 302 - Energy,302-3 Energy intensity,"302-3-c Types of energy included in the intensity ratio (fuel, electricity, heating, cooling, steam, or all)"
GRI 302 - Energy,302-3 Energy intensity,"302-3-d Whether the energy-intensity ratio includes energy consumed inside the organization, outside it, or both"
GRI 302 - Energy,302-4 Reduction of energy consumption,302-4-a Amount of reductions in energy consumption achieved as a direct result of conservation and efficiency initiatives
GRI 302 - Energy,302-4 Reduction of energy consumption,302-4-b Types of energy included in the reductions
GRI 302 - Energy,302-4 Reduction of energy consumption,"302-4-c Basis for calculating reductions in the organisation’s own energy use, and the rationale for that basis"
GRI 302 - Energy,302-4 Reduction of energy consumption,"302-4-d Standards, methodologies, assumptions, and/or calculation tools used to calculate energy-consumption reductions within the organization"
GRI 302 - Energy,302-4 Reduction of energy consumption,"302-4-2.7.2 Whether energy reductions are measured, estimated, or modeled - and the methods used for any estimates or models"
GRI 302 - Energy,302-5 Reductions in energy requirements of products and services,302-5-a Reductions in energy requirements of sold products and services achieved during the reporting period
GRI 302 - Energy,302-5 Reductions in energy requirements of products and services,"302-5-b Basis for calculating reductions in customers' energy requirements for the organisation's products / services, and the rationale for that basis"
GRI 302 - Energy,302-5 Reductions in energy requirements of products and services,"302-5-c Standards, methodologies, assumptions, and calculation tools used to calculate reductions in the energy required by the organisation's products and services"
GRI 303 - Water and Effluents,303-1 Interactions with water as a shared resource,"303-1-a Organization's interaction with water - where and how water is withdrawn, consumed, and discharged, and the water-related impacts caused, contributed to, or linked to its operations and value chain."
GRI 303 - Water and Effluents,303-1 Interactions with water as a shared resource,"303-1-b Approach to identify water-related impacts, including the scope of assessments, their timeframe, and any tools or methodologies used"
GRI 303 - Water and Effluents,303-1 Interactions with water as a shared resource,"303-1-c Approach to addressing water-related impacts, including collaboration with stakeholders, and engagement with suppliers or customers with significant water impacts"
GRI 303 - Water and Effluents,303-1 Interactions with water as a shared resource,"303-1-d Process for setting water-related goals and targets, and how they align with public policy and local water-stress context"
GRI 303 - Water and Effluents,303-2 Management of water discharge-related impacts,303-2-a Minimum standards for effluent discharge quality and how they were determined
GRI 303 - Water and Effluents,303-2 Management of water discharge-related impacts,303-2-a-i How standards for facilities operating in locations with no local discharge requirements were determined
GRI 303 - Water and Effluents,303-2 Management of water discharge-related impacts,303-2-a-i Internally developed water quality standards or guidelines
GRI 303 - Water and Effluents,303-2 Management of water discharge-related impacts,303-2-a-iii Sector-specific standards considered
GRI 303 - Water and Effluents,303-2 Management of water discharge-related impacts,303-2-a-iv Whether the profile of the receiving waterbody was considered
GRI 303 - Water and Effluents,303-3 Water withdrawal,"303-3-a Water withdrawal from all areas, broken down by source"
GRI 303 - Water and Effluents,303-3 Water withdrawal,303-3-c Water withdrawal from all areas from each of the sources by category
GRI 303 - Water and Effluents,303-3 Water withdrawal,"303-3-b Water withdrawal from water-stressed areas, broken down by source"
GRI 303 - Water and Effluents,303-3 Water withdrawal,303-3-b-v Third-party water withdrawal from all areas with water stress by the withdrawal sources
GRI 303 - Water and Effluents,303-3 Water withdrawal,303-3-c Water withdrawal from all areas with water stress from each of the sources by category
GRI 303 - Water and Effluents,303-3 Water withdrawal,303-3-d Contextual information necessary to understand how the data have been compiled
GRI 303 - Water and Effluents,303-4 Water discharge,"303-4-a Water discharge to all areas, broken down by type of destination"
GRI 303 - Water and Effluents,303-4 Water discharge,303-4-a-iv Third-party water sent for use to other organizations - if applicable and total volume
GRI 303 - Water and Effluents,303-4 Water discharge,303-4-b Water discharge to all areas by category
GRI 303 - Water and Effluents,303-4 Water discharge,"303-4-c Water discharge to water-stressed areas, broken down by category"
GRI 303 - Water and Effluents,303-4 Water discharge,303-4-d Priority substances of concern for which discharges are treated
GRI 303 - Water and Effluents,303-4 Water discharge,"303-4-d-i Basis for defining priority substances of concern - including standards, authoritative lists, or criteria used"
GRI 303 - Water and Effluents,303-4 Water discharge,303-4-d-ii Approach for setting discharge limits for priority substances of concern
GRI 303 - Water and Effluents,303-4 Water discharge,303-4-d-iii Incidents of non-compliance with discharge limits
GRI 303 - Water and Effluents,303-4 Water discharge,303-4-e Contextual information necessary to understand how the data have been compiled
GRI 303 - Water and Effluents,303-5 Water consumption,303-5-a Water consumption from all areas
GRI 303 - Water and Effluents,303-5 Water consumption,303-5-b Water consumption from all areas with water stress
GRI 303 - Water and Effluents,303-5 Water consumption,"303-5-c Change in water storage, if water storage has been identified as having a significant water-related impact"
GRI 303 - Water and Effluents,303-5 Water consumption,303-5-d Contextual information necessary to understand how the data have been compiled
GRI 304 - Biodiversity 2016,"304-1 Operational sites owned, leased, managed in, or adjacent to, protected areas and areas of high biodiversity value outside protected areas","304-1-a Operational sites owned, leased, managed in, or adjacent to, protected areas and areas of high biodiversity value outside protected areas"
GRI 304 - Biodiversity 2016,"304-1 Operational sites owned, leased, managed in, or adjacent to, protected areas and areas of high biodiversity value outside protected areas",304-1-a-i Geographic location
GRI 304 - Biodiversity 2016,"304-1 Operational sites owned, leased, managed in, or adjacent to, protected areas and areas of high biodiversity value outside protected areas","304-1-a-ii Subsurface and underground land that may be owned, leased, or managed"
GRI 304 - Biodiversity 2016,"304-1 Operational sites owned, leased, managed in, or adjacent to, protected areas and areas of high biodiversity value outside protected areas",304-1-a-iii Position in relation to the protected area or the high biodiversity value area outside protected areas
GRI 304 - Biodiversity 2016,"304-1 Operational sites owned, leased, managed in, or adjacent to, protected areas and areas of high biodiversity value outside protected areas",304-1-a-iv Type of operation
GRI 304 - Biodiversity 2016,"304-1 Operational sites owned, leased, managed in, or adjacent to, protected areas and areas of high biodiversity value outside protected areas",304-1-a-v Size of operational site
GRI 304 - Biodiversity 2016,"304-1 Operational sites owned, leased, managed in, or adjacent to, protected areas and areas of high biodiversity value outside protected areas",304-1-a-vi Biodiversity value characterized by the attribute of the protected area or area of high biodiversity value outside the protected area
GRI 304 - Biodiversity 2016,"304-1 Operational sites owned, leased, managed in, or adjacent to, protected areas and areas of high biodiversity value outside protected areas",304-1-a-vii Biodiversity value characterized by listing of protected status
GRI 304 - Biodiversity 2016,"304-2 Significant impacts of activities, products and services on biodiversity","304-2-a-i Nature of significant direct and indirect impacts on biodiversity with reference to construction or use of manufacturing plants, mines, and transport infrastructure"
GRI 304 - Biodiversity 2016,"304-2 Significant impacts of activities, products and services on biodiversity",304-2-a-ii Nature of significant direct and indirect impacts on biodiversity with reference to pollution
GRI 304 - Biodiversity 2016,"304-2 Significant impacts of activities, products and services on biodiversity","304-2-a-iii Nature of significant direct and indirect impacts on biodiversity with reference to introduction of invasive species, pests, and pathogens"
GRI 304 - Biodiversity 2016,"304-2 Significant impacts of activities, products and services on biodiversity",304-2-a-iv Nature of significant direct and indirect impacts on biodiversity with reference to reduction of species
GRI 304 - Biodiversity 2016,"304-2 Significant impacts of activities, products and services on biodiversity",304-2-a-v Nature of significant direct and indirect impacts on biodiversity with reference to habitat conversion
GRI 304 - Biodiversity 2016,"304-2 Significant impacts of activities, products and services on biodiversity",304-2-a-vi Nature of significant direct and indirect impacts on biodiversity with reference to changes in ecological processes outside the natural range of variation
GRI 304 - Biodiversity 2016,"304-2 Significant impacts of activities, products and services on biodiversity",304-2-b-i Significant direct and indirect positive and negative impacts with reference to species affected
GRI 304 - Biodiversity 2016,"304-2 Significant impacts of activities, products and services on biodiversity",304-2-b-ii Significant direct and indirect positive and negative impacts with reference to extent of areas impacted
GRI 304 - Biodiversity 2016,"304-2 Significant impacts of activities, products and services on biodiversity",304-2-b-iii Significant direct and indirect positive and negative impacts with reference to duration of impacts
GRI 304 - Biodiversity 2016,"304-2 Significant impacts of activities, products and services on biodiversity",304-2-b-iv Significant direct and indirect positive and negative impacts with reversibility or irreversibility of the impacts
GRI 304 - Biodiversity 2016,304-3 Habitats protected or restored,"304-3-a Habitat areas protected or restored - size, location, and whether restoration success was validated by external professionals"
GRI 304 - Biodiversity 2016,304-3 Habitats protected or restored,304-3-b Partnerships with third parties to protect or restore off-site habitats
GRI 304 - Biodiversity 2016,304-3 Habitats protected or restored,304-3-c Status of each area based on its condition at the close of the reporting period
GRI 304 - Biodiversity 2016,304-3 Habitats protected or restored,"304-3-d Standards, methodologies, and assumptions used for habitat restoration"
GRI 304 - Biodiversity 2016,304-4 IUCN Red List species and national conservation list species with habitats in areas affected by operations,304-4-a IUCN Red List and nationally listed species with habitats in areas affected by the organization - total number and extinction risk level
GRI 305 - Emissions,305-1 Direct (Scope 1) GHG emissions,"305-1.2 Use of offsets to meet GHG emissions targets - whether used, type, and amount"
GRI 305 - Emissions,305-1 Direct (Scope 1) GHG emissions,305-1.2: Criteria or scheme of which offsets are part
GRI 305 - Emissions,305-1 Direct (Scope 1) GHG emissions,305-1-a Gross direct (Scope 1) GHG emissions
GRI 305 - Emissions,305-1 Direct (Scope 1) GHG emissions,305-1-b Gases included in the calculation
GRI 305 - Emissions,305-1 Direct (Scope 1) GHG emissions,305-1-c Biogenic CO2 emissions
GRI 305 - Emissions,305-1 Direct (Scope 1) GHG emissions,305-1-d Start & end date for the base year
GRI 305 - Emissions,305-1 Direct (Scope 1) GHG emissions,305-1-d-i Rationale for choosing the base year
GRI 305 - Emissions,305-1 Direct (Scope 1) GHG emissions,305-1-d-ii Emissions in the base year
GRI 305 - Emissions,305-1 Direct (Scope 1) GHG emissions,305-1-d-iii Context for any significant changes in emissions that triggered recalculations of base year emissions
GRI 305 - Emissions,305-1 Direct (Scope 1) GHG emissions,"305-1-e Source of emission factors and global warming potential (GWP) rates, or reference to their source"
GRI 305 - Emissions,305-1 Direct (Scope 1) GHG emissions,305-1-f Consolidation approach for emissions
GRI 305 - Emissions,305-1 Direct (Scope 1) GHG emissions,"305-1-g Standards, methodologies, assumptions, and/or calculation tools used to calculate direct (Scope 1) GHG emissions"
GRI 305 - Emissions,305-2 Energy indirect (Scope 2) GHG emissions,305-2-a Gross location-based energy indirect (Scope 2) GHG emissions
GRI 305 - Emissions,305-2 Energy indirect (Scope 2) GHG emissions,305-2-b Applicability and total amount of gross market-based energy indirect (Scope 2) GHG emissions
GRI 305 - Emissions,305-2 Energy indirect (Scope 2) GHG emissions,305-2-c Gases included in the calculation
GRI 305 - Emissions,305-2 Energy indirect (Scope 2) GHG emissions,305-2-d Start and end date for the base year
GRI 305 - Emissions,305-2 Energy indirect (Scope 2) GHG emissions,305-2-d-i Rationale for choosing the base year
GRI 305 - Emissions,305-2 Energy indirect (Scope 2) GHG emissions,305-2-d-ii Emissions in the base year
GRI 305 - Emissions,305-2 Energy indirect (Scope 2) GHG emissions,305-2-d-iii Context for any significant changes in emissions that triggered recalculations of base year emissions
GRI 305 - Emissions,305-2 Energy indirect (Scope 2) GHG emissions,"305-2-e Source of emission factors and global warming potential (GWP) rates, or reference to their source"
GRI 305 - Emissions,305-2 Energy indirect (Scope 2) GHG emissions,305-2-f Consolidation approach for emissions
GRI 305 - Emissions,305-2 Energy indirect (Scope 2) GHG emissions,"305-2-g Standards, methodologies, assumptions, and/or calculation tools used to calculate Scope 2 GHG emissions"
GRI 305 - Emissions,305-3 Other indirect (Scope 3) GHG emissions,305-3-a Gross other indirect (Scope 3) GHG emissions
GRI 305 - Emissions,305-3 Other indirect (Scope 3) GHG emissions,305-3-b Gases included in the calculation
GRI 305 - Emissions,305-3 Other indirect (Scope 3) GHG emissions,305-3-c Biogenic CO2 emissions
GRI 305 - Emissions,305-3 Other indirect (Scope 3) GHG emissions,305-3-d Other indirect (Scope 3) GHG emissions categories and activities included in the calculation
GRI 305 - Emissions,305-3 Other indirect (Scope 3) GHG emissions,305-3-e-i Rrationale for choosing the base year
GRI 305 - Emissions,305-3 Other indirect (Scope 3) GHG emissions,305-3-e-ii Emissions in the base year
GRI 305 - Emissions,305-3 Other indirect (Scope 3) GHG emissions,305-3-e-iii Context for any significant changes in emissions that triggered recalculations of base year emissions
GRI 305 - Emissions,305-3 Other indirect (Scope 3) GHG emissions,"305-3-f Source of emission factors and global warming potential (GWP) rates, or reference to their source"
GRI 305 - Emissions,305-3 Other indirect (Scope 3) GHG emissions,"305-3-g Standards, methodologies, assumptions, and/or calculation tools used to calculate indirect (Score 3) GHG emissions"
GRI 305 - Emissions,305-4 GHG emissions intensity,305-4-a GHG emissions intensity ratio and its unit of measurement
GRI 305 - Emissions,305-4 GHG emissions intensity,305-4-b Organization-specific metric (the denominator) chosen to calculate the GHG emissions intensity ratio
GRI 305 - Emissions,305-4 GHG emissions intensity,305-4-c Types of GHG emissions included in the GHG emissions intensity ratio
GRI 305 - Emissions,305-5 Reduction of GHG emissions,305-5-a GHG emissions reductions from initiatives and offsets
GRI 305 - Emissions,305-5 Reduction of GHG emissions,305-5-b Gases included in the calculation
GRI 305 - Emissions,305-5 Reduction of GHG emissions,"305-5-c Base year or baseline for GHG reductions - start and end dates, baseline used, and rationale for selection"
GRI 305 - Emissions,305-5 Reduction of GHG emissions,305-5-d Types of GHG emissions for which reductions are reported
GRI 305 - Emissions,305-5 Reduction of GHG emissions,"305-5-e Standards, methodologies, assumptions, and/or calculation tools used to calculate GHG reductions"
GRI 305 - Emissions,305-6 Emissions of ozone-depleting substances (ODS),"305-6-a Production, imports, and exports of ozone-depleting substances (ODS)"
GRI 305 - Emissions,305-6 Emissions of ozone-depleting substances (ODS),305-6-b Substances included in the calculation
GRI 305 - Emissions,305-6 Emissions of ozone-depleting substances (ODS),305-6-c Source of the emission factors used
GRI 305 - Emissions,305-6 Emissions of ozone-depleting substances (ODS),"305-6-d Standards, methodologies, assumptions, and/or calculation tools used to calculate ozone-depleting substances"
GRI 305 - Emissions,"305-7 Nitrogen oxides (NOx), sulfur oxides (SOx), and other significant air emissions",305-7-a Significant air emissions by category
GRI 305 - Emissions,"305-7 Nitrogen oxides (NOx), sulfur oxides (SOx), and other significant air emissions",305-7-b Source of the emission factors used
GRI 305 - Emissions,"305-7 Nitrogen oxides (NOx), sulfur oxides (SOx), and other significant air emissions","305-7-c Standards, methodologies, assumptions, and/or calculation tools used to calculate significant air emissions"
GRI 305 - Emissions,"305-7 Nitrogen oxides (NOx), sulfur oxides (SOx), and other significant air emissions","305-7-2.13.4 Basis on which figures were estimated, if estimations are used due to a lack of default figures"
GRI 306 - Effluents and Waste 2016,306-3 Significant spills,306-3-a Recorded significant spills
GRI 306 - Effluents and Waste 2016,306-3 Significant spills,306-3-b Spill that was reported in the organization's financial statements
GRI 306 - Effluents and Waste 2016,306-3 Significant spills,306-3-b-i Location of spill
GRI 306 - Effluents and Waste 2016,306-3 Significant spills,306-3-b-ii Volume of spill
GRI 306 - Effluents and Waste 2016,306-3 Significant spills,306-3-b-iii Material of spill
GRI 306 - Effluents and Waste 2016,306-3 Significant spills,306-3-b-iii Other material of spill
GRI 306 - Effluents and Waste 2016,306-3 Significant spills,306-3-c Impacts of significant spills
GRI 306 - Waste 2020,306-1 Waste generation and significant waste-related impacts,"306-1-a-i Inputs, activities, and outputs that lead or could lead to significant actual or potential waste-related impacts"
GRI 306 - Waste 2020,306-1 Waste generation and significant waste-related impacts,306-1-a-ii Whether significant waste-related impacts arise from the organization's own activities or from upstream/downstream value chain operations
GRI 306 - Waste 2020,306-2 Management of significant waste-related impacts,"306-2-a Actions to prevent waste generation and manage significant waste-related impacts across the organization and its value chain, including circularity measures"
GRI 306 - Waste 2020,306-2 Management of significant waste-related impacts,"306-2-b Third-party waste management - whether used, and how compliance with contractual or legal obligations is verified"
GRI 306 - Waste 2020,306-2 Management of significant waste-related impacts,306-2-c Processes used to collect and monitor waste-related data
GRI 306 - Waste 2020,306-3 Waste generated,"306-3-a Total weight and composition of waste generated, by category"
GRI 306 - Waste 2020,306-3 Waste generated,306-3-b Contextual information necessary to understand the data and how the data has been compiled
GRI 306 - Waste 2020,306-4 Waste diverted from disposal,"306-4-a Total weight and composition of waste diverted from disposal, by category"
GRI 306 - Waste 2020,306-4 Waste diverted from disposal,306-4-b Total weight of hazardous waste diverted from disposal
GRI 306 - Waste 2020,306-4 Waste diverted from disposal,306-4-b-i Weight of hazardous waste diverted from disposal by recovery operation: Preparation for reuse
GRI 306 - Waste 2020,306-4 Waste diverted from disposal,306-4-b-ii Weight of hazardous waste diverted from disposal by recovery operation: Recycling
GRI 306 - Waste 2020,306-4 Waste diverted from disposal,306-4-b-iii Weight of hazardous waste diverted from disposal by recovery operation: Other recovery operations
GRI 306 - Waste 2020,306-4 Waste diverted from disposal,306-4-c Total weight of non-hazardous waste diverted from disposal
GRI 306 - Waste 2020,306-4 Waste diverted from disposal,306-4-c-i Weight of non-hazardous waste diverted from disposal by recovery operation: Preparation for reuse
GRI 306 - Waste 2020,306-4 Waste diverted from disposal,306-4-c-ii Weight of non-hazardous waste diverted from disposal by recovery operation: Recycling
GRI 306 - Waste 2020,306-4 Waste diverted from disposal,306-4-c-iii Weight of non-hazardous waste diverted from disposal by recovery operation: Other recovery operations
GRI 306 - Waste 2020,306-4 Waste diverted from disposal,"306-4-d-i Weight of hazardous and non-hazardous waste diverted from disposal through onsite recovery operations (reuse, recycling, and other methods), by type of operation"
GRI 306 - Waste 2020,306-4 Waste diverted from disposal,"306-4-d-ii Weight of hazardous and non-hazardous waste diverted from disposal through offsite recovery operations (reuse, recycling, and other methods), by type of operation"
GRI 306 - Waste 2020,306-4 Waste diverted from disposal,306-4-e Contextual information necessary to understand the data and how the data has been compiled
GRI 306 - Waste 2020,306-5 Waste directed to disposal,"306-5-a Total weight and composition of waste directed to disposal, by category"
GRI 306 - Waste 2020,306-5 Waste directed to disposal,306-5-b Total weight of hazardous waste directed to disposal
GRI 306 - Waste 2020,306-5 Waste directed to disposal,306-5-b-i Weight of hazardous waste directed to disposal: Incineration (with energy recovery)
GRI 306 - Waste 2020,306-5 Waste directed to disposal,306-5-b-ii Weight of hazardous waste directed to disposal by disposal operations: Incineration (without energy recovery)
GRI 306 - Waste 2020,306-5 Waste directed to disposal,306-5-b-iii Weight of hazardous waste directed to disposal by disposal operations: Landfilling
GRI 306 - Waste 2020,306-5 Waste directed to disposal,306-5-b-iv Weight of hazardous waste directed to disposal by disposal operations: Other disposal operations
GRI 306 - Waste 2020,306-5 Waste directed to disposal,306-5-c Total weight of non-hazardous waste directed to disposal
GRI 306 - Waste 2020,306-5 Waste directed to disposal,306-5-c-i Weight of non-hazardous waste directed to disposal by disposal operations: Incineration (with energy recovery)
GRI 306 - Waste 2020,306-5 Waste directed to disposal,306-5-c-ii Weight of non-hazardous waste directed to disposal by disposal operations: Incineration (without energy recovery)
GRI 306 - Waste 2020,306-5 Waste directed to disposal,306-5-c-iii Weight of non-hazardous waste directed to disposal by disposal operations: Landfilling
GRI 306 - Waste 2020,306-5 Waste directed to disposal,306-5-c-iv Weight of non-hazardous waste directed to disposal by disposal operations: Other disposal operations
GRI 306 - Waste 2020,306-5 Waste directed to disposal,"306-5-d-i Weight of hazardous and non-hazardous waste directed to disposal through onsite operations (incineration with/without energy recovery, landfilling, and other methods), by type of operation"
GRI 306 - Waste 2020,306-5 Waste directed to disposal,"306-5-d-ii Weight of hazardous and non-hazardous waste directed to disposal through offsite operations (incineration with/without energy recovery, landfilling, and other methods), by type of operation"
GRI 306 - Waste 2020,306-5 Waste directed to disposal,306-5-e Contextual information necessary to understand the data and how the data has been compiled.
GRI 308 - Supplier Environmental Assessment,308-1 New suppliers that were screened using environmental criteria,308-1-a Percentage of new suppliers that were screened using environmental criteria
GRI 308 - Supplier Environmental Assessment,308-2 Negative environmental impacts in the supply chain and actions taken,308-2-a Suppliers assessed for environmental impacts
GRI 308 - Supplier Environmental Assessment,308-2 Negative environmental impacts in the supply chain and actions taken,308-2-b Suppliers identified as having significant actual and potential negative environmental impacts
GRI 308 - Supplier Environmental Assessment,308-2 Negative environmental impacts in the supply chain and actions taken,308-2-c Significant actual and potential negative environmental impacts identified in the supply chain
GRI 308 - Supplier Environmental Assessment,308-2 Negative environmental impacts in the supply chain and actions taken,308-2-d Percentage of suppliers identified as having significant actual and potential negative environmental impacts with which improvements were agreed upon as a result of the assessment
GRI 308 - Supplier Environmental Assessment,308-2 Negative environmental impacts in the supply chain and actions taken,"308-2-e Suppliers with significant environmental impacts - percentage of relationships terminated due to assessment, and reasons for termination"
GRI 401 - Employment,401-1 New employee hires and employee turnover,401-1-a Number and rate of new employee hires during the reporting period
GRI 401 - Employment,401-1 New employee hires and employee turnover,401-1-b Number and rate of employee turnover during the reporting period
GRI 401 - Employment,401-2 Benefits provided to full-time employees that are not provided to temporary or part-time employees,"401‑2‑a Standard benefits offered to full-time employees but not to temporary or part-time employees, by significant locations of operation"
GRI 401 - Employment,401-2 Benefits provided to full-time employees that are not provided to temporary or part-time employees,401-2-a-vii Other benefit
GRI 401 - Employment,401-3 Parental leave,"401-3-a Number of employees that were entitled to parental leave, by gender"
GRI 401 - Employment,401-3 Parental leave,"401-3-b Number of employees that took parental leave, by gender"
GRI 401 - Employment,401-3 Parental leave,"401-3-c Number of employees that returned to work in the reporting period after parental leave ended, by gender"
GRI 401 - Employment,401-3 Parental leave,"401-3-d Number of employees that returned to work after parental leave ended that were still employed 12 months after their return to work, by gender"
GRI 401 - Employment,401-3 Parental leave,"401-3-e Return-to-work and retention rates for employees who took parental leave, by gender"
GRI 402 - Labor or Management Relations,402-1 Minimum notice periods regarding operational changes,402-1-a Minimum notice period (in weeks) typically provided to employees and their representatives before significant operational changes
GRI 402 - Labor or Management Relations,402-1 Minimum notice periods regarding operational changes,402-1-b Specified notice periods and consultation provisions in collective bargaining agreements
GRI 403 - Occupational Health and Safety,403-1 Occupational health and safety management system,403-1-a Occupational health and safety management system implementation for employees and non-employees working under the organization’s control
GRI 403 - Occupational Health and Safety,403-1 Occupational health and safety management system,"403-1-a-i Legal basis for implementing the occupational health and safety system, with list of applicable requirements"
GRI 403 - Occupational Health and Safety,403-1 Occupational health and safety management system,403-1-a-ii Implementation based on recognized risk or management system standards and list of used standards
GRI 403 - Occupational Health and Safety,403-1 Occupational health and safety management system,"403-1-b Scope of workers, activities, and workplaces covered by the occupational health and safety system, and reasons for any exclusions"
GRI 403 - Occupational Health and Safety,"403-2 Hazard identification, risk assessment, and incident investigation","403-2-a Processes to identify and assess work-related hazards and risks, routine and non-routine, and application of the hierarchy of controls to eliminate or minimize them"
GRI 403 - Occupational Health and Safety,"403-2 Hazard identification, risk assessment, and incident investigation","403-2-a-i How the organization ensures the quality of these processes, including the competency of persons who carry them out"
GRI 403 - Occupational Health and Safety,"403-2 Hazard identification, risk assessment, and incident investigation",403-2-a-ii How the results of these processes are used to evaluate and continually improve the occupational health and safety management system
GRI 403 - Occupational Health and Safety,"403-2 Hazard identification, risk assessment, and incident investigation",403-2-b Processes for workers to report work-related hazards and protections against reprisals for reporting
GRI 403 - Occupational Health and Safety,"403-2 Hazard identification, risk assessment, and incident investigation",403-2-c Policies and protections for workers who remove themselves from unsafe work situations
GRI 403 - Occupational Health and Safety,"403-2 Hazard identification, risk assessment, and incident investigation","403-2-d Processes for investigating work-related incidents, assessing related hazards and risks, determining corrective actions using the hierarchy of controls, and identifying needed improvements to the health and safety system"
GRI 403 - Occupational Health and Safety,403-3 Occupational health services,"403-3-a Occupational health services' role in hazard identification and risk reduction, including service quality and worker access assurance"
GRI 403 - Occupational Health and Safety,"403-4 Worker participation, consultation, and communication on occupational health and safety","403-4-a Worker participation, consultation, and access to information in the occupational health and safety management system"
GRI 403 - Occupational Health and Safety,"403-4 Worker participation, consultation, and communication on occupational health and safety","403-4-b Formal joint health and safety committees - existence, responsibilities, authority, meeting frequency, and worker representation gaps"
GRI 403 - Occupational Health and Safety,403-5 Worker training on occupational health and safety,"403-5-a Occupational health and safety training provided to employees and non-employees, including general and hazard-specific training"
GRI 403 - Occupational Health and Safety,403-6 Promotion of worker health,"403-6-a Access to non-occupational medical and healthcare services for employees and non-employees, and the scope of services provided"
GRI 403 - Occupational Health and Safety,403-6 Promotion of worker health,403-6-b Voluntary health promotion services for non-work-related health risks and how worker access is facilitated
GRI 403 - Occupational Health and Safety,403-7 Prevention and mitigation of occupational health and safety impacts directly linked by business relationships,"403-7-a Approach to preventing or mitigating significant occupational health and safety impacts linked to business relationships, including related hazards and risks"
GRI 403 - Occupational Health and Safety,403-8 Workers covered by an occupational health and safety management system,"403-8-a Implementation of an occupational health and safety management system - legal basis, standards used, number and percentage of workers covered"
GRI 403 - Occupational Health and Safety,403-8 Workers covered by an occupational health and safety management system,403-8-b Exclusions from occupational health and safety disclosure - types of workers excluded and reasons for exclusion
GRI 403 - Occupational Health and Safety,403-8 Workers covered by an occupational health and safety management system,403-8-c Contextual information necessary to understand how the data have been compiled
GRI 403 - Occupational Health and Safety,403-9 Work-related injuries,403-9-a Worker-relate injuries among employees and workers
GRI 403 - Occupational Health and Safety,403-9 Work-related injuries,403-9-a-i Number and rate of fatalities as a result of work-related injury
GRI 403 - Occupational Health and Safety,403-9 Work-related injuries,403-9-a-ii Number and rate of high-consequence work-related injuries (excluding fatalities)
GRI 403 - Occupational Health and Safety,403-9 Work-related injuries,403-9-a-iii Number and rate of recordable work-related injuries
GRI 403 - Occupational Health and Safety,403-9 Work-related injuries,403-9-a-iii Recordable work-related injuries: number and rate
GRI 403 - Occupational Health and Safety,403-9 Work-related injuries,403-9-a-iv Main types of work-related injury
GRI 403 - Occupational Health and Safety,403-9 Work-related injuries,403-9-a-v Number of hours worked
GRI 403 - Occupational Health and Safety,403-9 Work-related injuries,403-9-c Work-related hazards with risk of high-consequence injury
GRI 403 - Occupational Health and Safety,403-9 Work-related injuries,403-9-c-iIdentification process for high-consequence work-related hazards
GRI 403 - Occupational Health and Safety,403-9 Work-related injuries,403-9-c-ii High-consequence hazards linked to actual injuries during the reporting period
GRI 403 - Occupational Health and Safety,403-9 Work-related injuries,403-9-c-iii Actions taken or underway to eliminate work-related hazards that pose a risk of high-consequence injury and minimize risks using the hierarchy of controls
GRI 403 - Occupational Health and Safety,403-9 Work-related injuries,403-9-d Actions taken or underway to eliminate other work-related hazards and minimize risks using the hierarchy of controls
GRI 403 - Occupational Health and Safety,403-9 Work-related injuries,403-9-e Basis of calculation of rates
GRI 403 - Occupational Health and Safety,403-9 Work-related injuries,403-9-f Exclusion of workers from disclosure: who and why
GRI 403 - Occupational Health and Safety,403-9 Work-related injuries,"403-9-g Contextual information necessary to understand how the data have been compiled, such as any standards, methodologies, and assumptions used"
GRI 403 - Occupational Health and Safety,403-10 Work-related ill health,403-10-a-i Number of fatalities as a result of work-related ill health
GRI 403 - Occupational Health and Safety,403-10 Work-related ill health,403-10-a-ii Number of cases of recordable work-related ill health
GRI 403 - Occupational Health and Safety,403-10 Work-related ill health,403-10-a-iii Types of work-related ill health
GRI 403 - Occupational Health and Safety,403-10 Work-related ill health,403-10-c Work-related hazards that pose a risk of ill health
GRI 403 - Occupational Health and Safety,403-10 Work-related ill health,403-10-c-i Process for identifying work-related hazards that pose a risk of ill health
GRI 403 - Occupational Health and Safety,403-10 Work-related ill health,403-10-c-ii Work-related hazards that pose a risk of ill health that have caused or contributed to cases of ill health during the reporting period
GRI 403 - Occupational Health and Safety,403-10 Work-related ill health,403-10-c-iii Actions taken or underway to eliminate work-related hazards that pose a risk of ill health and minimize risks using the hierarchy of controls
GRI 403 - Occupational Health and Safety,403-10 Work-related ill health,403-10-d Exclusion of workers from work-related ill health disclosure: who and why
GRI 403 - Occupational Health and Safety,403-10 Work-related ill health,"403-10-e Contextual information necessary to understand how the data have been compiled, such as any standards, methodologies, and assumptions used"
GRI 404 - Training and Education,404-1 Average hours of training per year per employee,404-1-a Average hours of training per year per employee category
GRI 404 - Training and Education,404-2 Programs for upgrading employee skills and transition assistance programs,404-2-a Type and scope of programs implemented and assistance provided to upgrade employee skills
GRI 404 - Training and Education,404-2 Programs for upgrading employee skills and transition assistance programs,404-2-b Transition assistance programs provided to facilitate continued employability and the management of career endings resulting from retirement or termination of employment
GRI 404 - Training and Education,404-3 Percentage of employees receiving regular performance and career development reviews,404-3-a Performance and career development reviews by gender and employee category
GRI 405 - Diversity and Equal Opportunity,405-1 Diversity of governance bodies and employees,"405-1-a Diversity of governance bodies and employees by age, gender, and other indicators"
GRI 405 - Diversity and Equal Opportunity,405-1 Diversity of governance bodies and employees,405-1-b Representation of social and minority groups in governance bodies and among employees
GRI 405 - Diversity and Equal Opportunity,405-2 Ratio of basic salary and remuneration of women to men,405-2-a Ratio of basic salary and remuneration by employee category and location
GRI 405 - Diversity and Equal Opportunity,405-2 Ratio of basic salary and remuneration of women to men,405-2-a Gender pay and remuneration ratios by employee category and location
GRI 405 - Diversity and Equal Opportunity,405-2 Ratio of basic salary and remuneration of women to men,405-2-b Definition used for 'significant locations of operation'
GRI 406 - Non-discrimination,406-1 Incidents of discrimination and corrective actions taken,406-1-a Number of incidents of discrimination during the reporting period
GRI 406 - Non-discrimination,406-1 Incidents of discrimination and corrective actions taken,406-1-b Status of incidents of discrimination and actions taken
GRI 407 - Freedom of Association and Collective Bargaining,407-1 Operations and suppliers in which the right to freedom of association and collective bargaining may be at risk,"407-1-a Operations and suppliers with risks to freedom of association and collective bargaining, by type or geographic area"
GRI 407 - Freedom of Association and Collective Bargaining,407-1 Operations and suppliers in which the right to freedom of association and collective bargaining may be at risk,407-1-b Measures taken in the reporting period intended to support rights to exercise freedom of association and collective bargaining
GRI 408 - Child Labor,408-1 Operations and suppliers at significant risk for incidents of child labor,408-1-a-i Operations and suppliers at significant risk for incidents of child labor
GRI 408 - Child Labor,408-1 Operations and suppliers at significant risk for incidents of child labor,408-1-a-ii Operations and suppliers at significant risk of young workers being exposed to hazardous work
GRI 408 - Child Labor,408-1 Operations and suppliers at significant risk for incidents of child labor,"408-1-b-i Operations considered to have significant risk for incidents of child labor either in terms of type of operation, or countries or geographic areas with operations considered at risk"
GRI 408 - Child Labor,408-1 Operations and suppliers at significant risk for incidents of child labor,"408-1-b-ii Suppliers considered to have significant risk for incidents of child labor either in terms of type of supplier, or countries or geographic areas with suppliers considered at risk"
GRI 408 - Child Labor,408-1 Operations and suppliers at significant risk for incidents of child labor,408-1-c Measures taken in the reporting period intended to contribute to the effective abolition of child labor
GRI 409 - Forced or Compulsory Labor,409-1 Operations and suppliers at significant risk for incidents of forced or compulsory labor,409-1-a Operations and suppliers at significant risk for incidents of forced or compulsory labor
GRI 409 - Forced or Compulsory Labor,409-1 Operations and suppliers at significant risk for incidents of forced or compulsory labor,409-1-b Measures taken in the reporting period intended to contribute to the elimination of all forms of forced or compulsory labor
GRI 410 - Security Practices,410-1 Security personnel trained in human rights policies or procedures,410-1-a Percentage of security personnel who have received formal training in the organization’s human rights policies or specific procedures and their application to security
GRI 410 - Security Practices,410-1 Security personnel trained in human rights policies or procedures,410-1-b Human rights training requirements for third-party security providers
GRI 411 - Rights of Indigenous Peoples,411-1 Incidents of violations involving rights of indigenous peoples,411-1-a Number of identified incidents of violations involving the rights of indigenous peoples during the reporting period
GRI 411 - Rights of Indigenous Peoples,411-1 Incidents of violations involving rights of indigenous peoples,411-1-b Status of the incidents of violations involving the rights of indigenous peoples and actions taken
GRI 413 - Local Communities,"413-1 Operations with local community engagement, impact assessments, and development programs","413-1-a Percentage of operations with implemented local community engagement, impact assessments, and/or development programs"
GRI 413 - Local Communities,413-2 Operations with significant actual and potential negative impacts on local communities,413-2-a Operations with significant actual and potential negative impacts on local communities
GRI 413 - Local Communities,413-2 Operations with significant actual and potential negative impacts on local communities,413-2-a-i Location of operations
GRI 413 - Local Communities,413-2 Operations with significant actual and potential negative impacts on local communities,413-2-a-ii Significant actual and potential negative impacts of operations
GRI 414 - Supplier Social Assessment,414-1 New suppliers that were screened using social criteria,414-1-a Percentage of new suppliers that were screened using social criteria
GRI 414 - Supplier Social Assessment,414-2 Negative social impacts in the supply chain and actions taken,414-2-a Number of suppliers assessed for social impacts
GRI 414 - Supplier Social Assessment,414-2 Negative social impacts in the supply chain and actions taken,414-2-b Number of suppliers identified as having significant actual and potential negative social impacts
GRI 414 - Supplier Social Assessment,414-2 Negative social impacts in the supply chain and actions taken,414-2-c Significant actual and potential negative social impacts identified in the supply chain
GRI 414 - Supplier Social Assessment,414-2 Negative social impacts in the supply chain and actions taken,414-2-d Percentage of suppliers identified as having significant actual and potential negative social impacts with which improvements were agreed upon as a result of assessment
GRI 414 - Supplier Social Assessment,414-2 Negative social impacts in the supply chain and actions taken,414-2-e Supplier relationships terminated due to significant social impacts and reasons for termination
GRI 415 - Public Policy,415-1 Political contributions,"415-1-a Political contributions by country, recipient, and total monetary value"
GRI 415 - Public Policy,415-1 Political contributions,415-1-b Estimation method for monetary value of in-kind political contributions
GRI 416 - Customer Health and Safety,416-1 Assessment of the health and safety impacts of product and service categories,416-1-a Percentage of significant product and service categories for which health and safety impacts are assessed for improvement
GRI 416 - Customer Health and Safety,416-2 Incidents of non-compliance concerning the health and safety impacts of products and services,416-2-a Incidents of non-compliance related to product and service health and safety
GRI 416 - Customer Health and Safety,416-2 Incidents of non-compliance concerning the health and safety impacts of products and services,"416-2-b Statement that the organization has not identified any non-compliance with regulations and/or voluntary codes, if applicable"
GRI 416 - Customer Health and Safety,416-2 Incidents of non-compliance concerning the health and safety impacts of products and services,"416-2-2.1.3 Incidents of non-compliance that relate to events in periods prior to the reporting period, if applicable"
GRI 417 - Marketing and Labeling,417-1 Requirements for product and service information and labeling,417-1-a-i Requirement to disclose sourcing of components in product and service labeling
GRI 417 - Marketing and Labeling,417-1 Requirements for product and service information and labeling,417-1-a-ii Requirement to disclose content with potential environmental or social impacts in labeling
GRI 417 - Marketing and Labeling,417-1 Requirements for product and service information and labeling,417-1-a-iii Requirement to disclose safe use information in product and service labeling
GRI 417 - Marketing and Labeling,417-1 Requirements for product and service information and labeling,417-1-a-iv Requirement to disclose disposal and related environmental or social impacts in labeling
GRI 417 - Marketing and Labeling,417-1 Requirements for product and service information and labeling,417-1-a-v Other required product and service information and explanation of labeling procedures
GRI 417 - Marketing and Labeling,417-1 Requirements for product and service information and labeling,417-1-b Percentage of significant product or service categories covered by and assessed for compliance with procedures for product and service information and labeling
GRI 417 - Marketing and Labeling,417-2 Incidents of non-compliance concerning product and service information and labeling,417-2-a Incidents of non-compliance with product and service information and labeling requirements
GRI 417 - Marketing and Labeling,417-2 Incidents of non-compliance concerning product and service information and labeling,"417-2-b Brief statement that the organization has not identified any non-compliance with regulations and/or voluntary codes, if applicable"
GRI 417 - Marketing and Labeling,417-2 Incidents of non-compliance concerning product and service information and labeling,"417-2-2.1.2 Incidents of non-compliance that relate to events in periods prior to the reporting period, if applicable"
GRI 417 - Marketing and Labeling,417-3 Incidents of non-compliance concerning marketing communications,417-3-a Incidents of non-compliance with marketing communications regulations and codes
GRI 417 - Marketing and Labeling,417-3 Incidents of non-compliance concerning marketing communications,"417-3-b Statement that the organization has not identified any non-compliance with regulations and/or voluntary codes, if applicable"
GRI 417 - Marketing and Labeling,417-3 Incidents of non-compliance concerning marketing communications,"417-3-2.2.2 Incidents of non-compliance that relate to events in periods prior to the reporting period, if applicable"
GRI 418 - Customer Privacy,418-1 Substantiated complaints concerning breaches of customer privacy and losses of customer data,"418-1-a Substantiated complaints regarding breaches of customer privacy, by category"
GRI 418 - Customer Privacy,418-1 Substantiated complaints concerning breaches of customer privacy and losses of customer data,"418-1-c Statement that the organization has not identified any substantiated complaints, if applicable"
GRI 418 - Customer Privacy,418-1 Substantiated complaints concerning breaches of customer privacy and losses of customer data,418-1-2.1 Customer privacy breaches related to prior reporting periods