id1,name1,id2,name2,left_id,right_id,url1,,Comments
5329537,MMC Norilsk Nickel+Wikipedia,2786771,Norilsk Nickel+Wikipedia,4817702,3560,https://wikirate.org/~5329537,https://wikirate.org/~2786771,Column B extra data (can be deleted) - leftover from a name change
5469114,Business & Human Rights Resource Centre+Modern Slavery statement+AEGON+2019+values,5466450,Business & Human Rights Resource Centre+Modern Slavery Statement+AEGON+2018+values,5469112,43591,https://wikirate.org/~5469114,https://wikirate.org/~5466450,"Id1 shows a value for 2019 that was not answered. It seems the answer was corrected to be a 2018 year. Currenty, 2019 is not researched for that company and metric. "
5469118,Business & Human Rights Resource Centre+Modern Slavery statement+AEGON+2019+Source,5466452,Business & Human Rights Resource Centre+Modern Slavery Statement+AEGON+2018+Source,5469112,629,https://wikirate.org/~5469118,https://wikirate.org/~5466452,Right ID redirects to Sources Page 
5477813,Business_Human_Rights_Resource_Centre+Modern_Slavery_Statement+AEGON+2018+checked_by,5477801,Business Human Rights Resource Centre+Modern Slavery statement+AEGON+2019+checked by,5469112,846790,https://wikirate.org/~5477813,https://wikirate.org/~5477801,No 2019 value exists for this company/metric combo 
5485548,Business & Human Rights Resource Centre+Modern Slavery Statement+AEGON+2018+Discussion,5469119,Business & Human Rights Resource Centre+Modern Slavery statement+AEGON+2019+Discussion,5469112,130,https://wikirate.org/~5485548,https://wikirate.org/~5469119,
5662137,Compiling the Public Picture: The Top 100 Greenhouse Gas Emitters+Status,5662130,The Top 100 Greenhouse Gas Emitters+Status,5662128,2814,https://wikirate.org/~5662137,https://wikirate.org/~5662130,"Column B is extra, duplicate data. The old named project (column B) seems to be holding onto topics, etc. that exist in the renamed version of the project"
5662138,Compiling the Public Picture: The Top 100 Greenhouse Gas Emitters+Organizer,5662131,The Top 100 Greenhouse Gas Emitters+Organizer,5662128,40288,https://wikirate.org/~5662138,https://wikirate.org/~5662131,"Column B is extra, duplicate data. The old named project (column B) seems to be holding onto topics, etc. that exist in the renamed version of the project"
5662139,Compiling the Public Picture: The Top 100 Greenhouse Gas Emitters+Topic,5662132,The Top 100 Greenhouse Gas Emitters+Topic,5662128,1010,https://wikirate.org/~5662139,https://wikirate.org/~5662132,"Column B is extra, duplicate data. The old named project (column B) seems to be holding onto topics, etc. that exist in the renamed version of the project"
5662140,Compiling the Public Picture: The Top 100 Greenhouse Gas Emitters+description,5662133,The Top 100 Greenhouse Gas Emitters+description,5662128,146,https://wikirate.org/~5662140,https://wikirate.org/~5662133,"Column B is extra, duplicate data. The old named project (column B) seems to be holding onto topics, etc. that exist in the renamed version of the project"
5662141,Compiling the Public Picture: The Top 100 Greenhouse Gas Emitters+Year,5662134,The Top 100 Greenhouse Gas Emitters+Year,5662128,2011,https://wikirate.org/~5662141,https://wikirate.org/~5662134,"Column B is extra, duplicate data. The old named project (column B) seems to be holding onto topics, etc. that exist in the renamed version of the project"
5662142,Compiling the Public Picture: The Top 100 Greenhouse Gas Emitters+Metric,5662135,The Top 100 Greenhouse Gas Emitters+Metric,5662128,43576,https://wikirate.org/~5662142,https://wikirate.org/~5662135,"Column B is extra, duplicate data. The old named project (column B) seems to be holding onto topics, etc. that exist in the renamed version of the project"
5662143,Compiling the Public Picture: The Top 100 Greenhouse Gas Emitters+Company,5662136,The Top 100 Greenhouse Gas Emitters+Company,5662128,651,https://wikirate.org/~5662143,https://wikirate.org/~5662136,"Column B is extra, duplicate data. The old named project (column B) seems to be holding onto topics, etc. that exist in the renamed version of the project"
5672733,M&G Investments+Wikipedia,5657948,M&G plc+Wikipedia,3763442,3560,https://wikirate.org/~5672733,https://wikirate.org/~5657948,"M&G Investments company name changed to M&G plc. It's hard to say whether data in Column B is deletable in this case because M&G plc still has the HQ, Image and Wikipedia links, and they should stay https://wikirate.org/M_G_plc"
5672734,M&G plc+Headquarters,5672731,M&G Investments+Headquarters,3763442,2917776,https://wikirate.org/~5672734,https://wikirate.org/~5672731,"M&G Investments company name changed to M&G plc. It's hard to say whether data in Column B is deletable in this case because M&G plc still has the HQ, Image and Wikipedia links, and they should stay https://wikirate.org/M_G_plc"
5672735,M&G plc+Image,5672732,M&G Investments+Image,3763442,19,https://wikirate.org/~5672735,https://wikirate.org/~5672732,"M&G Investments company name changed to M&G plc. It's hard to say whether data in Column B is deletable in this case because M&G plc still has the HQ, Image and Wikipedia links, and they should stay https://wikirate.org/M_G_plc"
5674218,MC Mining Limited+Headquarters,4516247,Coal of Africa+Headquarters,2318981,2917776,https://wikirate.org/~5674218,https://wikirate.org/~4516247,Column D extra data (can be deleted) - leftover from a name change (from Coal of Africa to MC Mining Limited)
5674219,MC Mining Limited+Image,2319883,Coal of Africa+Image,2318981,19,https://wikirate.org/~5674219,https://wikirate.org/~2319883,Column D extra data (can be deleted) - leftover from a name change (from Coal of Africa to MC Mining Limited)
5675180,"Global Reporting Initiative+Direct Economic Value Generated, GRI 201-1 (formerly G4-EC1-a)+MC Mining Limited",3379779,"Global Reporting Initiative+Direct Economic Value Generated, GRI 201-1 (formerly G4-EC1-a)+Coal of Africa",1381637,2318981,https://wikirate.org/~5675180,https://wikirate.org/~3379779,Column D extra data - leftover from a name change (from Coal of Africa to MC Mining Limited)
5675304,Veon (Jazz)+Headquarters,5675301,Veon+Headquarters,5675300,2917776,https://wikirate.org/~5675304,https://wikirate.org/~5675301,"Column B extra data (can be deleted), leftover from name change"
5675305,Veon (Jazz)+Wikipedia,5675303,Veon+Wikipedia,5675300,3560,https://wikirate.org/~5675305,https://wikirate.org/~5675303,"Column B extra data (can be deleted), leftover from name change"
5684408,Global Reporting Initiative+Direct greenhouse gas (GHG) emissions (Scope 1) (G4-EN15-a)+MC Mining Limited,2452773,Global_Reporting_Initiative+Direct_greenhouse_gas_GHG_emissions_Scope_1_G4_EN15_a+Coal_of_Africa,826615,2318981,https://wikirate.org/~5684408,https://wikirate.org/~2452773,
5684414,Commons+Greenhouse Gas Emissions Scope 1+MC Mining Limited,3431287,Commons+Greenhouse Gas Emissions Scope 1+Coal of Africa,3430748,2318981,https://wikirate.org/~5684414,https://wikirate.org/~3431287,
5684415,WikiRate Calculated Metric Design Group+Progress Scope 1 Emissions+MC Mining Limited,3379532,WikiRate Calculated Metric Design Group+Progress Scope 1 Emissions+Coal of Africa,3150401,2318981,https://wikirate.org/~5684415,https://wikirate.org/~3379532,
5684437,Global Reporting Initiative+Indirect greenhouse gas (GHG) emissions (Scope 2) (G4-EN16-a)+MC Mining Limited,2452784,Global_Reporting_Initiative+Indirect_greenhouse_gas_GHG_emissions_Scope_2_G4_EN16_a+Coal_of_Africa,826629,2318981,https://wikirate.org/~5684437,https://wikirate.org/~2452784,
5684443,Commons+Greenhouse Gas Emissions Scope 2+MC Mining Limited,3432133,Commons+Greenhouse Gas Emissions Scope 2+Coal of Africa,3431550,2318981,https://wikirate.org/~5684443,https://wikirate.org/~3432133,
5684444,Commons+Greenhouse Gas Emissions Scope 1 and 2 combined+MC Mining Limited,3432891,Commons+Greenhouse Gas Emissions Scope 1 and 2 combined+Coal of Africa,3432335,2318981,https://wikirate.org/~5684444,https://wikirate.org/~3432891,
5684445,Aileen Robinson+Yearly Change Scope 1 and 2 Emissions+MC Mining Limited,5403026,Aileen Robinson+Yearly Change Scope 1 and 2 Emissions+Coal of Africa,5402509,2318981,https://wikirate.org/~5684445,https://wikirate.org/~5403026,
5684447,Richard Mills+Combined Scope 1 and 2 Greenhouse Gas emissions+MC Mining Limited,2452787,Richard Mills+Combined Scope 1 and 2 Greenhouse Gas emissions+Coal of Africa,977868,2318981,https://wikirate.org/~5684447,https://wikirate.org/~2452787,
5684448,"Global Reporting Initiative+Indirect greenhouse gas (GHG) emissions (Scope 3), GRI 305-3 (formerly G4-EN17-a)+MC Mining Limited",3379680,"Global Reporting Initiative+Indirect greenhouse gas (GHG) emissions (Scope 3), GRI 305-3 (formerly G4-EN17-a)+Coal of Africa",849642,2318981,https://wikirate.org/~5684448,https://wikirate.org/~3379680,
5684454,"Commons+Combined Scope 1, 2 and 3 Greenhouse Gas Emissions (GHG)+MC Mining Limited",5307133,"Commons+Combined Scope 1, 2 and 3 Greenhouse Gas Emissions (GHG)+Coal of Africa",5306839,2318981,https://wikirate.org/~5684454,https://wikirate.org/~5307133,
5684455,"Global Reporting Initiative+Nitrogen oxide (NOX) emissions, GRI 305-7-a (formerly G4-EN21-a)+MC Mining Limited",2452834,"Global Reporting Initiative+Nitrogen oxide (NOX) emissions, GRI 305-7-a (formerly G4-EN21-a)+Coal_of_Africa",814954,2318981,https://wikirate.org/~5684455,https://wikirate.org/~2452834,
5684461,"Global Reporting Initiative+Sulfur Oxide (SOx) emissions, GRI 305-7-a (formerly G4-EN21-a)+MC Mining Limited",2452811,"Global Reporting Initiative+Sulfur Oxide (SOx) emissions, GRI 305-7-a (formerly G4-EN21-a)+Coal_of_Africa",836651,2318981,https://wikirate.org/~5684461,https://wikirate.org/~2452811,
5684467,"Global Reporting Initiative+Particulate Matter (PM) emissions, GRI 305-7-a (formerly G4-EN21-a)+MC Mining Limited",2452854,"Global Reporting Initiative+Particulate Matter (PM) emissions, GRI 305-7-a (formerly G4-EN21-a)+Coal_of_Africa",836794,2318981,https://wikirate.org/~5684467,https://wikirate.org/~2452854,
5684489,"Global Reporting Initiative+Volatile Organic Compounds (VOC) emissions, GRI 305-7-a (formerly G4-EN21-a)+MC Mining Limited",2452800,"Global Reporting Initiative+Volatile Organic Compounds (VOC) emissions, GRI 305-7-a (formerly G4-EN21-a)+Coal_of_Africa",813970,2318981,https://wikirate.org/~5684489,https://wikirate.org/~2452800,
5684507,"Global Reporting Initiative+Persistent organic pollutants (POP), GRI 305-7-a (formerly G4-EN21-a)+MC Mining Limited",2452822,"Global Reporting Initiative+Persistent organic pollutants (POP), GRI 305-7-a (formerly G4-EN21-a)+Coal_of_Africa",836686,2318981,https://wikirate.org/~5684507,https://wikirate.org/~2452822,
5684523,"Global Reporting Initiative+Hazardous Air Pollutant (HAP) emissions, GRI 305-7-a (formerly G4-EN21-a)+MC Mining Limited",2452840,"Global Reporting Initiative+Hazardous Air Pollutant (HAP) emissions, GRI 305-7-a (formerly G4-EN21-a)+Coal_of_Africa",836736,2318981,https://wikirate.org/~5684523,https://wikirate.org/~2452840,
5686908,"Global Reporting Initiative+Total Waste Generated, GRI 306-2 (formerly G4-EN23-a)+MC Mining Limited",2452860,Global_Reporting_Initiative+Total_Waste_Generated_G4_EN23_a+Coal_of_Africa,848767,2318981,https://wikirate.org/~5686908,https://wikirate.org/~2452860,
5709322,Global Reporting Initiative+Non-hazardous waste (G4-EN23-a)+MC Mining Limited,2452866,Global_Reporting_Initiative+Non_hazardous_waste_G4_EN23_a+Coal_of_Africa,836262,2318981,https://wikirate.org/~5709322,https://wikirate.org/~2452866,
5709355,Global Reporting Initiative+Non-Hazardous Waste Recycled (G4-EN23-a)+MC Mining Limited,2452891,Global_Reporting_Initiative+Non_Hazardous_Waste_Recycled_G4_EN23_a+Coal_of_Africa,837199,2318981,https://wikirate.org/~5709355,https://wikirate.org/~2452891,
5709362,WikiRate_SDG_Metric_design+Percentage non-hazardous waste recycled+MC Mining Limited,3087475,WikiRate_SDG_Metric_design+Percentage non-hazardous waste recycled+Coal of Africa,3087109,2318981,https://wikirate.org/~5709362,https://wikirate.org/~3087475,
5709709,Global Reporting Initiative+Hazardous Waste Created (G4-EN23-a)+MC Mining Limited,2452878,Global_Reporting_Initiative+Hazardous_Waste_Created_G4_EN23_a+Coal_of_Africa,836246,2318981,https://wikirate.org/~5709709,https://wikirate.org/~2452878,
5709722,"Global Reporting Initiative+Hazardous Waste Recycled, GRI 306-2-a (formerly G4-EN23-a)+MC Mining Limited",2452897,Global_Reporting_Initiative+Hazardous_waste_recycled_G4_EN23_a+Coal_of_Africa,836274,2318981,https://wikirate.org/~5709722,https://wikirate.org/~2452897,
5709731,WikiRate_SDG_Metric_design+Percentage hazardous waste recycled+MC Mining Limited,3086365,WikiRate_SDG_Metric_design+Percentage hazardous waste recycled+Coal of Africa,3085559,2318981,https://wikirate.org/~5709731,https://wikirate.org/~3086365,
5709800,Global Reporting Initiative+Total Waste Recycled (G4-EN23-a)+MC Mining Limited,2452885,Global_Reporting_Initiative+Total_Waste_Recycled_G4_EN23_a+Coal_of_Africa,885125,2318981,https://wikirate.org/~5709800,https://wikirate.org/~2452885,
5709807,WikiRate_SDG_Metric_design+Percentage of waste recycled+MC Mining Limited,2940335,WikiRate_SDG_Metric_design+Percentage of waste recycled+Coal of Africa,2939479,2318981,https://wikirate.org/~5709807,https://wikirate.org/~2940335,
5709899,Global Reporting Initiative+Total Waste to Landfill (G4-EN23-a)+MC Mining Limited,2452903,Global_Reporting_Initiative+Total_Waste_to_Landfill_G4_EN23_a+Coal_of_Africa,848876,2318981,https://wikirate.org/~5709899,https://wikirate.org/~2452903,
5709976,"Global Reporting Initiative+Non-compliance with environmental laws and regulations by fines, GRI 307-1 (G4-EN29-a)+MC Mining Limited",2452915,"Global Reporting Initiative+Non-compliance with environmental laws and regulations by fines, GRI 307-1 (G4-EN29-a)+Coal_of_Africa",801383,2318981,https://wikirate.org/~5709976,https://wikirate.org/~2452915,
5709983,"Global Reporting Initiative+Non-compliance with environmental laws and regulations by fines, GRI 307-1 (G4-EN29-a)+Laureen van Breen+MC Mining Limited",4578919,"Global Reporting Initiative+Non-compliance with environmental laws and regulations by fines, GRI 307-1 (G4-EN29-a)+Laureen van Breen+Coal of Africa",4578309,2318981,https://wikirate.org/~5709983,https://wikirate.org/~4578919,
5710008,Global Reporting Initiative+Environmental non-monetary sanctions (G4-EN29-a)+MC Mining Limited,2452933,Global_Reporting_Initiative+Environmental_non_monetary_sanctions_G4_EN29_a+Coal_of_Africa,835992,2318981,https://wikirate.org/~5710008,https://wikirate.org/~2452933,
5710015,Global Reporting Initiative+Environmental non-monetary sanctions (G4-EN29-a)+Laureen van Breen+MC Mining Limited,4579642,Global Reporting Initiative+Environmental non-monetary sanctions (G4-EN29-a)+Laureen van Breen+Coal of Africa,4579145,2318981,https://wikirate.org/~5710015,https://wikirate.org/~4579642,
5710103,Global Reporting Initiative+Environmental Protection Expenditures (G4-EN31-a)+MC Mining Limited,2452979,Global_Reporting_Initiative+Environmental_Protection_Expenditures_G4_EN31_a+Coal_of_Africa,1522301,2318981,https://wikirate.org/~5710103,https://wikirate.org/~2452979,
5710280,"Global Reporting Initiative+Total energy consumption, GRI 302-1-e (formerly G4-EN3-e)+MC Mining Limited",2507038,"Global Reporting Initiative+Total energy consumption, GRI 302-1-e (formerly G4-EN3-e)+Coal of Africa",846580,2318981,https://wikirate.org/~5710280,https://wikirate.org/~2507038,
5710287,"Global Reporting Initiative+Total energy consumption, GRI 302-1-e (formerly G4-EN3-e)+Laureen van Breen+MC Mining Limited",4572975,"Global Reporting Initiative+Total energy consumption, GRI 302-1-e (formerly G4-EN3-e)+Laureen van Breen+Coal of Africa",4572894,2318981,https://wikirate.org/~5710287,https://wikirate.org/~4572975,
5710288,Commons+Energy Consumption+MC Mining Limited,3415591,Commons+Energy Consumption+Coal of Africa,3415560,2318981,https://wikirate.org/~5710288,https://wikirate.org/~3415591,
5713925,"Global Reporting Initiative+Fuel consumption from non-renewable sources, GRI 302-1-a (formerly G4-EN3-a)+MC Mining Limited",2453217,"Global Reporting Initiative+Fuel consumption from non-renewable sources, GRI 302-1-a (formerly G4-EN3-a)+Coal_of_Africa",836952,2318981,https://wikirate.org/~5713925,https://wikirate.org/~2453217,
5713934,"Global Reporting Initiative+Fuel consumption from non-renewable sources, GRI 302-1-a (formerly G4-EN3-a)+Laureen van Breen+MC Mining Limited",4574328,"Global Reporting Initiative+Fuel consumption from non-renewable sources, GRI 302-1-a (formerly G4-EN3-a)+Laureen van Breen+Coal of Africa",4574283,2318981,https://wikirate.org/~5713934,https://wikirate.org/~4574328,
5714786,"Global Reporting Initiative+Fuel consumption from renewable sources, GRI 302-1-b (formerly G4-EN3-b)+MC Mining Limited",2453222,"Global Reporting Initiative+Fuel consumption from renewable sources, GRI 302-1-b (formerly G4-EN3-b)+Coal_of_Africa",836964,2318981,https://wikirate.org/~5714786,https://wikirate.org/~2453222,
5714793,"Global Reporting Initiative+Fuel consumption from renewable sources, GRI 302-1-b (formerly G4-EN3-b)+Laureen van Breen+MC Mining Limited",4574975,"Global Reporting Initiative+Fuel consumption from renewable sources, GRI 302-1-b (formerly G4-EN3-b)+Laureen van Breen+Coal of Africa",4574925,2318981,https://wikirate.org/~5714793,https://wikirate.org/~4574975,
5714794,theresah+reported renewable breakdown+MC Mining Limited,5664973,theresah+reported renewable breakdown+Coal of Africa,5664658,2318981,https://wikirate.org/~5714794,https://wikirate.org/~5664973,
5714795,Commons+Renewable Fuel Consumption (%)+MC Mining Limited,5663521,Commons+Renewable Fuel Consumption (%)+Coal of Africa,5663508,2318981,https://wikirate.org/~5714795,https://wikirate.org/~5663521,
5714796,Richard Mills+Renewable Energy (%)+MC Mining Limited,2453225,Richard Mills+Renewable Energy (%)+Coal of Africa,924435,2318981,https://wikirate.org/~5714796,https://wikirate.org/~2453225,
5714797,WikiRate SDG Metric design+Percentage renewable fuel used+MC Mining Limited,2942061,WikiRate SDG Metric design+Percentage renewable fuel used+Coal of Africa,2940451,2318981,https://wikirate.org/~5714797,https://wikirate.org/~2942061,
5714798,Measuring Fitness+energy is from renewable sources+MC Mining Limited,2537918,Measuring Fitness+energy is from renewable sources+Coal of Africa,2537807,2318981,https://wikirate.org/~5714798,https://wikirate.org/~2537918,
5714799,University of Sydney SDG Research Group 2019+Emissions and Energy Disclosure+MC Mining Limited,5350259,University of Sydney SDG Research Group 2019+Emissions and Energy Disclosure+Coal of Africa,5349988,2318981,https://wikirate.org/~5714799,https://wikirate.org/~5350259,
5714800,University of Sydney SDG Research Group 2019+Emissions and Energy Disclosure Rate+MC Mining Limited,5394562,University of Sydney SDG Research Group 2019+Emissions and Energy Disclosure Rate+Coal of Africa,5394261,2318981,https://wikirate.org/~5714800,https://wikirate.org/~5394562,
5714896,"Global Reporting Initiative+Total water withdrawals, GRI 303-3-a (formerly G4-EN8-a)+MC Mining Limited",2453232,"Global Reporting Initiative+Total water withdrawals, GRI 303-3-a (formerly G4-EN8-a)+Coal_of_Africa",801164,2318981,https://wikirate.org/~5714896,https://wikirate.org/~2453232,
5714903,"Global Reporting Initiative+Total water withdrawals, GRI 303-3-a (formerly G4-EN8-a)+Laureen van Breen+MC Mining Limited",4575943,"Global Reporting Initiative+Total water withdrawals, GRI 303-3-a (formerly G4-EN8-a)+Laureen van Breen+Coal of Africa",4575897,2318981,https://wikirate.org/~5714903,https://wikirate.org/~4575943,
5714904,Commons+Water Use+MC Mining Limited,3414444,Commons+Water Use+Coal of Africa,3414422,2318981,https://wikirate.org/~5714904,https://wikirate.org/~3414444,
5714906,WikiRate SDG Metric design+Common Environmental Metrics Reported+MC Mining Limited,2934424,WikiRate SDG Metric design+Common Environmental Metrics Reported+Coal of Africa,2933781,2318981,https://wikirate.org/~5714906,https://wikirate.org/~2934424,
5718692,"Global Reporting Initiative+Third-party water withdrawals, GRI 303-3-a (formerly G4-EN8-a)+MC Mining Limited",2453244,"Global Reporting Initiative+Third-party water withdrawals, GRI 303-3-a (formerly G4-EN8-a)+Coal_of_Africa",801183,2318981,https://wikirate.org/~5718692,https://wikirate.org/~2453244,
5718699,"Global Reporting Initiative+Third-party water withdrawals, GRI 303-3-a (formerly G4-EN8-a)+Laureen van Breen+MC Mining Limited",4576602,"Global Reporting Initiative+Third-party water withdrawals, GRI 303-3-a (formerly G4-EN8-a)+Laureen van Breen+Coal of Africa",4576573,2318981,https://wikirate.org/~5718699,https://wikirate.org/~4576602,
5719158,"Global Reporting Initiative+Groundwater withdrawals, GRI 303-3-a (formerly G4-EN8-a)+MC Mining Limited",2453250,"Global Reporting Initiative+Groundwater withdrawals, GRI 303-3-a (formerly G4-EN8-a)+Coal_of_Africa",801561,2318981,https://wikirate.org/~5719158,https://wikirate.org/~2453250,
5719165,"Global Reporting Initiative+Groundwater withdrawals, GRI 303-3-a (formerly G4-EN8-a)+Laureen van Breen+MC Mining Limited",4577306,"Global Reporting Initiative+Groundwater withdrawals, GRI 303-3-a (formerly G4-EN8-a)+Laureen van Breen+Coal of Africa",4577062,2318981,https://wikirate.org/~5719165,https://wikirate.org/~4577306,
5719172,"Global Reporting Initiative+Surface water withdrawals, GRI 303-3-a (formerly G4-EN8-a)+MC Mining Limited",2453256,"Global Reporting Initiative+Surface water withdrawals, GRI 303-3-a (formerly G4-EN8-a)+Coal_of_Africa",2313632,2318981,https://wikirate.org/~5719172,https://wikirate.org/~2453256,
5719179,"Global Reporting Initiative+Surface water withdrawals, GRI 303-3-a (formerly G4-EN8-a)+Laureen van Breen+MC Mining Limited",4577557,"Global Reporting Initiative+Surface water withdrawals, GRI 303-3-a (formerly G4-EN8-a)+Laureen van Breen+Coal of Africa",4577388,2318981,https://wikirate.org/~5719179,https://wikirate.org/~4577557,
5719180,Global Reporting Initiative+Rainwater collected directly and stored (G4-EN8-a)+MC Mining Limited,2453261,Global_Reporting_Initiative+Rainwater_collected_directly_and_stored_G4_EN8_a+Coal_of_Africa,801523,2318981,https://wikirate.org/~5719180,https://wikirate.org/~2453261,
5719187,Global Reporting Initiative+Rainwater collected directly and stored (G4-EN8-a)+Laureen van Breen+MC Mining Limited,4578016,Global Reporting Initiative+Rainwater collected directly and stored (G4-EN8-a)+Laureen van Breen+Coal of Africa,4577999,2318981,https://wikirate.org/~5719187,https://wikirate.org/~4578016,
5719193,Global Reporting Initiative+Water Volume Recycled (G4-EN10-a)+MC Mining Limited,2453267,Global_Reporting_Initiative+Water_Volume_Recycled_G4_EN10_a+Coal_of_Africa,1821705,2318981,https://wikirate.org/~5719193,https://wikirate.org/~2453267,
5719200,Global Reporting Initiative+Water Volume Recycled (GRI 303-3)+MC Mining Limited,4017361,Global Reporting Initiative+Water Volume Recycled (GRI 303-3)+Coal of Africa,4016739,2318981,https://wikirate.org/~5719200,https://wikirate.org/~4017361,
5719304,Global Reporting Initiative+Water Recycled (%) (G4-EN10-b)+MC Mining Limited,2453283,Global_Reporting_Initiative+Water_Recycled_G4_EN10_b+Coal_of_Africa,801317,2318981,https://wikirate.org/~5719304,https://wikirate.org/~2453283,
5719311,Global Reporting Initiative+Water Recycled (%) (GRI 303-3)+MC Mining Limited,4017537,Global Reporting Initiative+Water Recycled (%) (GRI 303-3)+Coal of Africa,4017516,2318981,https://wikirate.org/~5719311,https://wikirate.org/~4017537,
5719344,Global Reporting Initiative+Waste Water Used (G4-EN8-a)+MC Mining Limited,2453238,Global_Reporting_Initiative+Waste_Water_Used_G4_EN8_a+Coal_of_Africa,801619,2318981,https://wikirate.org/~5719344,https://wikirate.org/~2453238,
5719351,Global Reporting Initiative+Waste Water Used (G4-EN8-a)+Laureen van Breen+MC Mining Limited,4577705,Global Reporting Initiative+Waste Water Used (G4-EN8-a)+Laureen van Breen+Coal of Africa,4577687,2318981,https://wikirate.org/~5719351,https://wikirate.org/~4577705,
5719398,"Global Reporting Initiative+Employees, GRI 102-8-a (formerly G4-10-a)+MC Mining Limited",2518402,"Global Reporting Initiative+Employees, GRI 102-8-a (formerly G4-10-a)+Coal of Africa",836097,2318981,https://wikirate.org/~5719398,https://wikirate.org/~2518402,
5719563,"Global Reporting Initiative+Male employees, GRI 102-8-a (formerly G4-10-a)+MC Mining Limited",2529766,"Global Reporting Initiative+Male employees, GRI 102-8-a (formerly G4-10-a)+Coal of Africa",837254,2318981,https://wikirate.org/~5719563,https://wikirate.org/~2529766,
5719570,Global Reporting Initiative+Male employees (GRI 102-8)+MC Mining Limited,3943350,Global Reporting Initiative+Male employees (GRI 102-8)+Coal of Africa,3943220,2318981,https://wikirate.org/~5719570,https://wikirate.org/~3943350,
5719673,"Global Reporting Initiative+Female employees, GRI 102-8-a (formerly G4-10-a)+MC Mining Limited",2518278,"Global Reporting Initiative+Female employees, GRI 102-8-a (formerly G4-10-a)+Coal of Africa",837241,2318981,https://wikirate.org/~5719673,https://wikirate.org/~2518278,
5719680,"Global Reporting Initiative+Female employees, GRI 102-8-a (formerly G4-10-a)+Philipp Kuehl+MC Mining Limited",2935286,"Global Reporting Initiative+Female employees, GRI 102-8-a (formerly G4-10-a)+Philipp Kuehl+Coal of Africa",2935187,2318981,https://wikirate.org/~5719680,https://wikirate.org/~2935286,
5719681,Commons+Female Employees+MC Mining Limited,3436654,Commons+Female Employees+Coal of Africa,3436611,2318981,https://wikirate.org/~5719681,https://wikirate.org/~3436654,
5719682,WikiRate SDG Metric design+Female Workers %+MC Mining Limited,2938323,WikiRate SDG Metric design+Female Workers %+Coal of Africa,2933755,2318981,https://wikirate.org/~5719682,https://wikirate.org/~2938323,
5719683,Global Reporting Initiative+Female employees (GRI 102-8)+MC Mining Limited,3779363,Global Reporting Initiative+Female employees (GRI 102-8)+Coal of Africa,3779215,2318981,https://wikirate.org/~5719683,https://wikirate.org/~3779363,
5719949,"Global Reporting Initiative+Full-time employees, GRI 102-8-c (formerly G4-10-b)+MC Mining Limited",2518730,"Global Reporting Initiative+Full-time employees, GRI 102-8-c (formerly G4-10-b)+Coal of Africa",837454,2318981,https://wikirate.org/~5719949,https://wikirate.org/~2518730,
5719965,"Global Reporting Initiative+Part-time employees, GRI 102-8-c (formerly G4-10-b)+MC Mining Limited",2529887,"Global Reporting Initiative+Part-time employees, GRI 102-8-c (formerly G4-10-b)+Coal of Africa",837487,2318981,https://wikirate.org/~5719965,https://wikirate.org/~2529887,
5720056,"Global Reporting Initiative+Permanent employees, GRI 102-8-a (formerly G4-10-a)+MC Mining Limited",2529822,"Global Reporting Initiative+Permanent employees, GRI 102-8-a (formerly G4-10-a)+Coal of Africa",836128,2318981,https://wikirate.org/~5720056,https://wikirate.org/~2529822,
5720063,Alex H+Percentage of Permanent Employees+MC Mining Limited,3208373,Alex H+Percentage of Permanent Employees+Coal of Africa,3208244,2318981,https://wikirate.org/~5720063,https://wikirate.org/~3208373,
5720087,"Global Reporting Initiative+Temporary employees, GRI 102-8-a (formerly G4-10-a)+MC Mining Limited",2529866,"Global Reporting Initiative+Temporary employees, GRI 102-8-a (formerly G4-10-a)+Coal of Africa",836163,2318981,https://wikirate.org/~5720087,https://wikirate.org/~2529866,
5720094,Richard Mills+Percentage of employees that are temporary+MC Mining Limited,2529871,Richard Mills+Percentage of employees that are temporary+Coal of Africa,979906,2318981,https://wikirate.org/~5720094,https://wikirate.org/~2529871,
5720204,Global Reporting Initiative+Collective bargaining (G4-11)+MC Mining Limited,2531171,Global Reporting Initiative+Collective bargaining G4 11+Coal of Africa,813500,2318981,https://wikirate.org/~5720204,https://wikirate.org/~2531171,
5720211,Global Reporting Initiative+Collective bargaining (GRI 102-41)+MC Mining Limited,4016505,Global Reporting Initiative+Collective bargaining (GRI 102-41)+Coal of Africa,4015884,2318981,https://wikirate.org/~5720211,https://wikirate.org/~4016505,
5720212,WikiRate Calculated Metric Design Group+Yearly change in collective bargaining representation+MC Mining Limited,3767683,WikiRate Calculated Metric Design Group+Yearly change in collective bargaining representation+Coal of Africa,3767414,2318981,https://wikirate.org/~5720212,https://wikirate.org/~3767683,
5720231,"Global Reporting Initiative+Incidents of discrimination, GRI 406-1 (G4-HR3-a)+MC Mining Limited",2518735,"Global Reporting Initiative+Incidents of discrimination, GRI 406-1 (G4-HR3-a)+Coal of Africa",836314,2318981,https://wikirate.org/~5720231,https://wikirate.org/~2518735,
5720297,Global Reporting Initiative+Human rights impacts grievances filed (G4-HR12-a)+MC Mining Limited,3381968,Global Reporting Initiative+Human rights impacts grievances filed (G4-HR12-a)+Coal of Africa,836299,2318981,https://wikirate.org/~5720297,https://wikirate.org/~3381968,
5720304,Global Reporting Initiative+Human rights impacts grievances filed (G4-HR12-a)+Alex H+MC Mining Limited,3381973,Global Reporting Initiative+Human rights impacts grievances filed (G4-HR12-a)+Alex H+Coal of Africa,3316925,2318981,https://wikirate.org/~5720304,https://wikirate.org/~3381973,
5720364,Global Reporting Initiative+Male worker fatalities (G4-LA6-a)+MC Mining Limited,2519126,Global Reporting Initiative+Male worker fatalities G4 LA6 a+Coal of Africa,837526,2318981,https://wikirate.org/~5720364,https://wikirate.org/~2519126,
5720380,Global Reporting Initiative+Female worker fatalities (G4-LA6-a)+MC Mining Limited,2519139,Global Reporting Initiative+Female worker fatalities G4 LA6 a+Coal of Africa,837515,2318981,https://wikirate.org/~5720380,https://wikirate.org/~2519139,
5720467,"Global Reporting Initiative+Average hours of training, GRI 404-1 (formerly G4-LA9)+MC Mining Limited",2529943,"Global Reporting Initiative+Average hours of training, GRI 404-1 (formerly G4-LA9)+Coal of Africa",837320,2318981,https://wikirate.org/~5720467,https://wikirate.org/~2529943,
5720487,"Global Reporting Initiative+Average hours of training (male), GRI 404-1 (formerly G4-LA9)+MC Mining Limited",2529971,"Global Reporting Initiative+Average hours of training (male), GRI 404-1 (formerly G4-LA9)+Coal of Africa",837376,2318981,https://wikirate.org/~5720487,https://wikirate.org/~2529971,
5720501,"Global Reporting Initiative+Average hours of training (female), GRI 404-1 (formerly G4-LA9)+MC Mining Limited",2531261,"Global Reporting Initiative+Average hours of training (female), GRI 404-1 (formerly G4-LA9)+Coal of Africa",837335,2318981,https://wikirate.org/~5720501,https://wikirate.org/~2531261,
5720785,Poverty Footprint+Fair Trade Mechanism+MC Mining Limited,2531372,Poverty Footprint+Fair Trade Mechanism+Coal of Africa,1828243,2318981,https://wikirate.org/~5720785,https://wikirate.org/~2531372,
5722369,Poverty Footprint+Women in Management Positions+MC Mining Limited,2531712,Poverty Footprint+Women in Management Positions+Coal of Africa,1830298,2318981,https://wikirate.org/~5722369,https://wikirate.org/~2531712,
5722376,WikiRate SDG Metric design+Female workers managers differential+MC Mining Limited,2938326,WikiRate SDG Metric design+Female workers managers differential+Coal of Africa,2933763,2318981,https://wikirate.org/~5722376,https://wikirate.org/~2938326,
5722377,WikiRate Calculated Metric Design Group+Yearly change in female workers/managers differential+MC Mining Limited,3832516,WikiRate Calculated Metric Design Group+Yearly change in female workers/managers differential+Coal of Africa,3832331,2318981,https://wikirate.org/~5722377,https://wikirate.org/~3832516,
5722942,"Global Reporting Initiative+Employees Entitled to Parental Leave, GRI 401-3-a (formerly G4-LA3-a)+MC Mining Limited",2531734,"Global Reporting Initiative+Employees Entitled to Parental Leave, GRI 401-3-a (formerly G4-LA3-a)+Coal of Africa",2311236,2318981,https://wikirate.org/~5722942,https://wikirate.org/~2531734,
5722963,"Global Reporting Initiative+Employees that Took Parental Leave, GRI 401-3-b (formerly G4-LA3-b)+MC Mining Limited",3381932,"Global Reporting Initiative+Employees that Took Parental Leave, GRI 401-3-b (formerly G4-LA3-b)+Coal of Africa",2311316,2318981,https://wikirate.org/~5722963,https://wikirate.org/~3381932,
5723016,"Global Reporting Initiative+Employees Returned after Parental Leave, GRI 401-3-c (formerly G4-LA3-c)+MC Mining Limited",2531756,"Global Reporting Initiative+Employees Returned after Parental Leave, GRI 401-3-c (formerly G4-LA3-c)+Coal of Africa",2311380,2318981,https://wikirate.org/~5723016,https://wikirate.org/~2531756,
5744646,Commons+Employees+MC Mining Limited,3437612,Commons+Employees+Coal of Africa,3437227,2318981,https://wikirate.org/~5744646,https://wikirate.org/~3437612,
5746504,WikiRate_Calculated_Metric_Design_Group+Greenhouse Gas emissions per employee+MC Mining Limited,3479580,WikiRate_Calculated_Metric_Design_Group+Greenhouse Gas emissions per employee+Coal of Africa,3479243,2318981,https://wikirate.org/~5746504,https://wikirate.org/~3479580,
5758923,University of Sydney Business School 2020 - Environment (SDG 7 and SDG 13)+Status,5712637,University of Sydney Business School 2020 - Environment (SDG 12 and SDG 13)+Status,5712635,2814,https://wikirate.org/~5758923,https://wikirate.org/~5712637,Column B extra/duplicate data leftover from name change - can be deleted
5758924,University of Sydney Business School 2020 - Environment (SDG 7 and SDG 13)+Parent,5712638,University of Sydney Business School 2020 - Environment (SDG 12 and SDG 13)+Parent,5712635,3219064,https://wikirate.org/~5758924,https://wikirate.org/~5712638,Column B extra/duplicate data leftover from name change - can be deleted
5758925,University of Sydney Business School 2020 - Environment (SDG 7 and SDG 13)+Organizer,5712639,University of Sydney Business School 2020 - Environment (SDG 12 and SDG 13)+Organizer,5712635,40288,https://wikirate.org/~5758925,https://wikirate.org/~5712639,Column B extra/duplicate data leftover from name change - can be deleted
5758926,University of Sydney Business School 2020 - Environment (SDG 7 and SDG 13)+Topic,5712640,University of Sydney Business School 2020 - Environment (SDG 12 and SDG 13)+Topic,5712635,1010,https://wikirate.org/~5758926,https://wikirate.org/~5712640,Column B extra/duplicate data leftover from name change - can be deleted
5758927,University of Sydney Business School 2020 - Environment (SDG 7 and SDG 13)+description,5712666,University of Sydney Business School 2020 - Environment (SDG 12 and SDG 13)+description,5712635,146,https://wikirate.org/~5758927,https://wikirate.org/~5712666,Column B extra/duplicate data leftover from name change - can be deleted
5758928,University of Sydney Business School 2020 - Environment (SDG 7 and SDG 13)+Year,5712641,University of Sydney Business School 2020 - Environment (SDG 12 and SDG 13)+Year,5712635,2011,https://wikirate.org/~5758928,https://wikirate.org/~5712641,Column B extra/duplicate data leftover from name change - can be deleted
5758929,University of Sydney Business School 2020 - Environment (SDG 7 and SDG 13)+Metric,5712642,University of Sydney Business School 2020 - Environment (SDG 12 and SDG 13)+Metric,5712635,43576,https://wikirate.org/~5758929,https://wikirate.org/~5712642,Column B extra/duplicate data leftover from name change - can be deleted
5758930,University of Sydney Business School 2020 - Environment (SDG 7 and SDG 13)+Company,5712643,University of Sydney Business School 2020 - Environment (SDG 12 and SDG 13)+Company,5712635,651,https://wikirate.org/~5758930,https://wikirate.org/~5712643,Column B extra/duplicate data leftover from name change - can be deleted
5759464,Mexichem+Headquarters,3206190,Orbia+Headquarters,3206189,2917776,https://wikirate.org/~5759464,https://wikirate.org/~3206190,Column B extra/duplicate data leftover from name change - can be deleted
5759465,Mexichem+Wikipedia,3206194,Orbia+Wikipedia,3206189,3560,https://wikirate.org/~5759465,https://wikirate.org/~3206194,Column B extra/duplicate data leftover from name change - can be deleted
5759639,Business & Human Rights Resource Centre+Modern Slavery statement+Allied Irish Banks+2018+Discussion,5759638,Business & Human Rights Resource Centre+Modern Slavery statement+Allied Irish Banks+2019+Discussion,5759627,130,https://wikirate.org/~5759639,https://wikirate.org/~5759638,
5761422,Ditta Antonio Carcano SPA+Headquarters,3430563,Carcano Antonio Spa+Headquarters,3284654,2917776,https://wikirate.org/~5761422,https://wikirate.org/~3430563,
5761436,Trafigura Beheer BV+Headquarters,2923754,Trafigura+Headquarters,2615984,2917776,https://wikirate.org/~5761436,https://wikirate.org/~2923754,Name change (column B old)
5761437,Trafigura Beheer BV+Wikipedia,2783161,Trafigura+Wikipedia,2615984,3560,https://wikirate.org/~5761437,https://wikirate.org/~2783161,Name change (column B old)
5761439,"YTCL,Yuntinic Resources Inc.,Smelting Branch of Yunnan Tin Company Limited,Yun Nan Tin Co. LTD+Headquarters",5761438,Yunnan Tin Company Limited+Headquarters,4274141,2917776,https://wikirate.org/~5761439,https://wikirate.org/~5761438,
5761757,Artic+Headquarters,5761756,Arctic+Headquarters,5760405,2917776,https://wikirate.org/~5761757,https://wikirate.org/~5761756,Name change (column B old)
5761758,Artic+Wikipedia,5760406,Arctic+Wikipedia,5760405,3560,https://wikirate.org/~5761758,https://wikirate.org/~5760406,Name change (column B old)
5767212,"Eco-System Recycling Co., Ltd.+Headquarters",4537341,"Eco-System Recycling Co., Ltd. North Plant+Headquarters",3654770,2917776,https://wikirate.org/~5767212,https://wikirate.org/~4537341,
5767227,Gianni Versace SpA+Wikipedia,5658206,Gianni Versace S.r.l.+Wikipedia,4817668,3560,https://wikirate.org/~5767227,https://wikirate.org/~5658206,
5767228,Gianni Versace S.r.l.+Headquarters,5767226,Gianni Versace SpA+Headquarters,4817668,2917776,https://wikirate.org/~5767228,https://wikirate.org/~5767226,
5767246,Banana Republic+Headquarters,5767243,Banana Republic (part of Gap Inc.)+Headquarters,5451019,2917776,https://wikirate.org/~5767246,https://wikirate.org/~5767243,Name change (Column D old)
5767247,Banana Republic+Image,5767244,Banana Republic (part of Gap Inc.)+Image,5451019,19,https://wikirate.org/~5767247,https://wikirate.org/~5767244,Name change (Column D old)
5767248,Banana Republic+Wikipedia,5767245,Banana Republic (part of Gap Inc.)+Wikipedia,5451019,3560,https://wikirate.org/~5767248,https://wikirate.org/~5767245,Name change (Column D old)
5767261,Calvin_Klein_Inc+Wikipedia,5767260,Calvin Klein+Wikipedia,5451021,3560,https://wikirate.org/~5767261,https://wikirate.org/~5767260,
5767262,Calvin_Klein_Inc+Headquarters,5767258,Calvin Klein+Headquarters,5451021,2917776,https://wikirate.org/~5767262,https://wikirate.org/~5767258,
5768649,Sisley+Wikipedia,5768648,Sisley (part of Benetton group)+Wikipedia,5451015,3560,https://wikirate.org/~5768649,https://wikirate.org/~5768648,
5772747,EAFIT Research Group Fall 2020 - Maria Clara Salazar+Organizer,5772744,EAFIT Research Group Spring 2020 - Maria Clara Salazar+Organizer,5772742,40288,https://wikirate.org/~5772747,https://wikirate.org/~5772744,
5772748,EAFIT Research Group Fall 2020 - Maria Clara Salazar+Topic,5772745,EAFIT Research Group Spring 2020 - Maria Clara Salazar+Topic,5772742,1010,https://wikirate.org/~5772748,https://wikirate.org/~5772745,
5781912,Clean Clothes Campaign+Number of Tier 1 Suppliers (2)+Questions,5781893,Clean Clothes Campaign+Number of Tier 1 Suppliers+Questions,5781910,692,https://wikirate.org/~5781912,https://wikirate.org/~5781893,
5781914,Clean Clothes Campaign+Number of Tier 1 Suppliers (2)+Assessment,5781898,Clean Clothes Campaign+Number of Tier 1 Suppliers+Assessment,5781910,536264,https://wikirate.org/~5781914,https://wikirate.org/~5781898,
5781915,Clean Clothes Campaign+Number of Tier 1 Suppliers (2)+Report Type,5781899,Clean Clothes Campaign+Number of Tier 1 Suppliers+Report Type,5781910,840042,https://wikirate.org/~5781915,https://wikirate.org/~5781899,
5781919,Clean Clothes Campaign+Number of Tier 2 Suppliers (2)+Questions,5781902,Clean Clothes Campaign+Number of Tier 2 Suppliers+Questions,5781917,692,https://wikirate.org/~5781919,https://wikirate.org/~5781902,
5781921,Clean Clothes Campaign+Number of Tier 2 Suppliers (2)+Assessment,5781907,Clean Clothes Campaign+Number of Tier 2 Suppliers+Assessment,5781917,536264,https://wikirate.org/~5781921,https://wikirate.org/~5781907,
5781922,Clean Clothes Campaign+Number of Tier 2 Suppliers (2)+Report Type,5781908,Clean Clothes Campaign+Number of Tier 2 Suppliers+Report Type,5781917,840042,https://wikirate.org/~5781922,https://wikirate.org/~5781908,
5781923,Clean Clothes Campaign+Number of Tier 2 Suppliers (2)+About,5781904,Clean Clothes Campaign+Number of Tier 2 Suppliers+About,5781917,3755,https://wikirate.org/~5781923,https://wikirate.org/~5781904,
5781924,Clean Clothes Campaign+Number of Tier 2 Suppliers (2)+methodology,5781905,Clean Clothes Campaign+Number of Tier 2 Suppliers+methodology,5781917,43974,https://wikirate.org/~5781924,https://wikirate.org/~5781905,
5781929,Clean Clothes Campaign+Number of Tier 1 Suppliers (2)+About,5781895,Clean Clothes Campaign+Number of Tier 1 Suppliers+About,5781910,3755,https://wikirate.org/~5781929,https://wikirate.org/~5781895,
5781930,Clean Clothes Campaign+Number of Tier 1 Suppliers (2)+methodology,5781896,Clean Clothes Campaign+Number of Tier 1 Suppliers+methodology,5781910,43974,https://wikirate.org/~5781930,https://wikirate.org/~5781896,
5781931,Clean Clothes Campaign+Number of Tier 2 Suppliers (2)+Topic,5781903,Clean Clothes Campaign+Number of Tier 2 Suppliers+Topic,5781917,1010,https://wikirate.org/~5781931,https://wikirate.org/~5781903,
5781932,Clean Clothes Campaign+Number of Tier 1 Suppliers (2)+Topic,5781894,Clean Clothes Campaign+Number of Tier 1 Suppliers+Topic,5781910,1010,https://wikirate.org/~5781932,https://wikirate.org/~5781894,
5781948,Clean Clothes Campaign+Number of Tier 2 Suppliers+*metric type,5781918,Clean Clothes Campaign+Number of Tier 2 Suppliers (2)+*metric type,5781917,839739,https://wikirate.org/~5781948,https://wikirate.org/~5781918,
5781949,Clean Clothes Campaign+Number of Tier 2 Suppliers+value type,5781920,Clean Clothes Campaign+Number of Tier 2 Suppliers (2)+value type,5781917,45034,https://wikirate.org/~5781949,https://wikirate.org/~5781920,
5781950,Clean Clothes Campaign+Number of Tier 1 Suppliers+*metric type,5781911,Clean Clothes Campaign+Number of Tier 1 Suppliers (2)+*metric type,5781910,839739,https://wikirate.org/~5781950,https://wikirate.org/~5781911,
5781951,Clean Clothes Campaign+Number of Tier 1 Suppliers+value type,5781913,Clean Clothes Campaign+Number of Tier 1 Suppliers (2)+value type,5781910,45034,https://wikirate.org/~5781951,https://wikirate.org/~5781913,
5781952,Clean Clothes Campaign+Number of Tier 1 Suppliers+unit,5781928,Clean Clothes Campaign+Number of Tier 1 Suppliers (2)+unit,5781910,43685,https://wikirate.org/~5781952,https://wikirate.org/~5781928,
5781953,Clean Clothes Campaign+Number of Tier 2 Suppliers+unit,5781925,Clean Clothes Campaign+Number of Tier 2 Suppliers (2)+unit,5781917,43685,https://wikirate.org/~5781953,https://wikirate.org/~5781925,
5806819,Calvin Klein Inc.+Image,5767259,Calvin Klein+Image,5451021,19,https://wikirate.org/~5806819,https://wikirate.org/~5767259,
5809476,JustFab+Headquarters,5809474,TechStyle Fashion Group+Headquarters,5809473,2917776,https://wikirate.org/~5809476,https://wikirate.org/~5809474,
5809477,JustFab+Wikipedia,5809475,TechStyle Fashion Group+Wikipedia,5809473,3560,https://wikirate.org/~5809477,https://wikirate.org/~5809475,
6002587,Renata+Wikipedia,5760366,Renata Limited+Wikipedia,5760365,3560,https://wikirate.org/~6002587,https://wikirate.org/~5760366,
6007382,Iraq National Oil Company+Wikipedia,5760422,Missan Oil Company+Wikipedia,5760421,3560,https://wikirate.org/~6007382,https://wikirate.org/~5760422,
6014135,Vitality Group+Headquarters,6014133,Vitality Life+Headquarters,6014132,2917776,https://wikirate.org/~6014135,https://wikirate.org/~6014133,
6014136,Vitality Group+Wikipedia,6014134,Vitality Life+Wikipedia,6014132,3560,https://wikirate.org/~6014136,https://wikirate.org/~6014134,
6021048,Foxconn Technology Group+Headquarters,3786749,Foxconn Technology Group (Hon Hai Precision Industry Co)+Headquarters,28889,2917776,https://wikirate.org/~6021048,https://wikirate.org/~3786749,Name change (column B old)
6021049,Foxconn Technology Group+Wikipedia,2785055,Foxconn Technology Group (Hon Hai Precision Industry Co)+Wikipedia,28889,3560,https://wikirate.org/~6021049,https://wikirate.org/~2785055,Name change (column B old)
6021982,Minerals Sourcing & Producing+Specification,6021951,Minerals Sourcing & Production+Specification,6021950,5458826,https://wikirate.org/~6021982,https://wikirate.org/~6021951,
6021983,Minerals Sourcing & Producing+Company,6021952,Minerals Sourcing & Production+Company,6021950,651,https://wikirate.org/~6021983,https://wikirate.org/~6021952,
6023468,Nanjing Iron Steel+Headquarters,6023466,Nanjing Iron and Steel+Headquarters,6023465,2917776,https://wikirate.org/~6023468,https://wikirate.org/~6023466,
6023469,Nanjing Iron Steel+Wikipedia,6023467,Nanjing Iron and Steel+Wikipedia,6023465,3560,https://wikirate.org/~6023469,https://wikirate.org/~6023467,
6024001,Norilsk Nickel+Headquarters,5329535,MMC Norilsk Nickel+Headquarters,4817702,2917776,https://wikirate.org/~6024001,https://wikirate.org/~5329535,
6043993,Institute for Human Rights and Business+Headquarters,6043983,Institute for Human Rights and Business (IHRB)+Headquarters,6043982,2917776,https://wikirate.org/~6043993,https://wikirate.org/~6043983,
6126416,Clean Clothes Campaign+Surveyed Workers in Age Range 25-40+Questions,6019405,Clean Clothes Campaign+Surveyed Workers in Age Range 26-40+Questions,6019404,692,https://wikirate.org/~6126416,https://wikirate.org/~6019405,
6126417,Clean Clothes Campaign+Surveyed Workers in Age Range 25-40+Topic,6019407,Clean Clothes Campaign+Surveyed Workers in Age Range 26-40+Topic,6019404,1010,https://wikirate.org/~6126417,https://wikirate.org/~6019407,
6126418,Clean Clothes Campaign+Surveyed Workers in Age Range 25-40+About,6019408,Clean Clothes Campaign+Surveyed Workers in Age Range 26-40+About,6019404,3755,https://wikirate.org/~6126418,https://wikirate.org/~6019408,
6126419,Clean Clothes Campaign+Surveyed Workers in Age Range 25-40+methodology,6019409,Clean Clothes Campaign+Surveyed Workers in Age Range 26-40+methodology,6019404,43974,https://wikirate.org/~6126419,https://wikirate.org/~6019409,
6126420,Clean Clothes Campaign+Surveyed Workers in Age Range 25-40+value type,6019410,Clean Clothes Campaign+Surveyed Workers in Age Range 26-40+value type,6019404,45034,https://wikirate.org/~6126420,https://wikirate.org/~6019410,
6126421,Clean Clothes Campaign+Surveyed Workers in Age Range 25-40+unit,6019411,Clean Clothes Campaign+Surveyed Workers in Age Range 26-40+unit,6019404,43685,https://wikirate.org/~6126421,https://wikirate.org/~6019411,
6126422,Clean Clothes Campaign+Surveyed Workers in Age Range 25-40+Assessment,6019413,Clean Clothes Campaign+Surveyed Workers in Age Range 26-40+Assessment,6019404,536264,https://wikirate.org/~6126422,https://wikirate.org/~6019413,
6126423,Clean Clothes Campaign+Surveyed Workers in Age Range 25-40+Report Type,6019412,Clean Clothes Campaign+Surveyed Workers in Age Range 26-40+Report Type,6019404,840042,https://wikirate.org/~6126423,https://wikirate.org/~6019412,
6126426,Clean Clothes Campaign+Surveyed Workers Under Age of 25+Questions,6019394,Clean Clothes Campaign+Surveyed Workers Under Age of 26+Questions,6019393,692,https://wikirate.org/~6126426,https://wikirate.org/~6019394,
6126427,Clean Clothes Campaign+Surveyed Workers Under Age of 25+Topic,6019396,Clean Clothes Campaign+Surveyed Workers Under Age of 26+Topic,6019393,1010,https://wikirate.org/~6126427,https://wikirate.org/~6019396,
6126428,Clean Clothes Campaign+Surveyed Workers Under Age of 25+About,6019397,Clean Clothes Campaign+Surveyed Workers Under Age of 26+About,6019393,3755,https://wikirate.org/~6126428,https://wikirate.org/~6019397,
6126429,Clean Clothes Campaign+Surveyed Workers Under Age of 25+methodology,6019398,Clean Clothes Campaign+Surveyed Workers Under Age of 26+methodology,6019393,43974,https://wikirate.org/~6126429,https://wikirate.org/~6019398,
6126430,Clean Clothes Campaign+Surveyed Workers Under Age of 25+value type,6019399,Clean Clothes Campaign+Surveyed Workers Under Age of 26+value type,6019393,45034,https://wikirate.org/~6126430,https://wikirate.org/~6019399,
6126431,Clean Clothes Campaign+Surveyed Workers Under Age of 25+unit,6019400,Clean Clothes Campaign+Surveyed Workers Under Age of 26+unit,6019393,43685,https://wikirate.org/~6126431,https://wikirate.org/~6019400,
6126432,Clean Clothes Campaign+Surveyed Workers Under Age of 25+Assessment,6019402,Clean Clothes Campaign+Surveyed Workers Under Age of 26+Assessment,6019393,536264,https://wikirate.org/~6126432,https://wikirate.org/~6019402,
6126433,Clean Clothes Campaign+Surveyed Workers Under Age of 25+Report Type,6019401,Clean Clothes Campaign+Surveyed Workers Under Age of 26+Report Type,6019393,840042,https://wikirate.org/~6126433,https://wikirate.org/~6019401,
6126437,Clean Clothes Campaign+Average Time Spent on Domestic Work+Questions,6019809,Clean Clothes Campaign+Time Spent on Domestic Work+Questions,6019808,692,https://wikirate.org/~6126437,https://wikirate.org/~6019809,
6126438,Clean Clothes Campaign+Average Time Spent on Domestic Work+Topic,6019811,Clean Clothes Campaign+Time Spent on Domestic Work+Topic,6019808,1010,https://wikirate.org/~6126438,https://wikirate.org/~6019811,
6126439,Clean Clothes Campaign+Average Time Spent on Domestic Work+About,6019812,Clean Clothes Campaign+Time Spent on Domestic Work+About,6019808,3755,https://wikirate.org/~6126439,https://wikirate.org/~6019812,
6126440,Clean Clothes Campaign+Average Time Spent on Domestic Work+value type,6019814,Clean Clothes Campaign+Time Spent on Domestic Work+value type,6019808,45034,https://wikirate.org/~6126440,https://wikirate.org/~6019814,
6126441,Clean Clothes Campaign+Average Time Spent on Domestic Work+unit,6019815,Clean Clothes Campaign+Time Spent on Domestic Work+unit,6019808,43685,https://wikirate.org/~6126441,https://wikirate.org/~6019815,
6126442,Clean Clothes Campaign+Average Time Spent on Domestic Work+value options,6120157,Clean Clothes Campaign+Time Spent on Domestic Work+value options,6019808,45029,https://wikirate.org/~6126442,https://wikirate.org/~6120157,
6126443,Clean Clothes Campaign+Average Time Spent on Domestic Work+Assessment,6019817,Clean Clothes Campaign+Time Spent on Domestic Work+Assessment,6019808,536264,https://wikirate.org/~6126443,https://wikirate.org/~6019817,
6126444,Clean Clothes Campaign+Average Time Spent on Domestic Work+Report Type,6019816,Clean Clothes Campaign+Time Spent on Domestic Work+Report Type,6019808,840042,https://wikirate.org/~6126444,https://wikirate.org/~6019816,
6137231,London Bullion Market Association+Wikipedia,5657886,London Bullion Market Association (LBMA)+Wikipedia,3662316,3560,https://wikirate.org/~6137231,https://wikirate.org/~5657886,
6147069,Clean Clothes Campaign+Average Gross Worker Salary (Local Currency)+Questions,6019721,Clean Clothes Campaign+Average Gross Worker Salary (EUR equivalent)+Questions,6019720,692,https://wikirate.org/~6147069,https://wikirate.org/~6019721,
6147070,Clean Clothes Campaign+Average Gross Worker Salary (Local Currency)+Topic,6019723,Clean Clothes Campaign+Average Gross Worker Salary (EUR equivalent)+Topic,6019720,1010,https://wikirate.org/~6147070,https://wikirate.org/~6019723,
6147071,Clean Clothes Campaign+Average Gross Worker Salary (Local Currency)+About,6019724,Clean Clothes Campaign+Average Gross Worker Salary (EUR equivalent)+About,6019720,3755,https://wikirate.org/~6147071,https://wikirate.org/~6019724,
6147072,Clean Clothes Campaign+Average Gross Worker Salary (Local Currency)+methodology,6019725,Clean Clothes Campaign+Average Gross Worker Salary (EUR equivalent)+methodology,6019720,43974,https://wikirate.org/~6147072,https://wikirate.org/~6019725,
6147073,Clean Clothes Campaign+Average Gross Worker Salary (Local Currency)+unit,6019727,Clean Clothes Campaign+Average Gross Worker Salary (EUR equivalent)+unit,6019720,43685,https://wikirate.org/~6147073,https://wikirate.org/~6019727,
6147074,Clean Clothes Campaign+Average Gross Worker Salary (Local Currency)+Assessment,6019729,Clean Clothes Campaign+Average Gross Worker Salary (EUR equivalent)+Assessment,6019720,536264,https://wikirate.org/~6147074,https://wikirate.org/~6019729,
6147075,Clean Clothes Campaign+Average Gross Worker Salary (Local Currency)+Report Type,6019728,Clean Clothes Campaign+Average Gross Worker Salary (EUR equivalent)+Report Type,6019720,840042,https://wikirate.org/~6147075,https://wikirate.org/~6019728,
6283782,Transparency in the Apparel Industry- WikiRate Contributors+Organizer,6283780,WikiRate Contributors Research Group+Organizer,6283779,40288,https://wikirate.org/~6283782,https://wikirate.org/~6283780,
6283783,Transparency in the Apparel Industry- WikiRate Contributors+Topic,6283781,WikiRate Contributors Research Group+Topic,6283779,1010,https://wikirate.org/~6283783,https://wikirate.org/~6283781,
6286507,Global Reporting Initiative+Emissions of Ozone-Depleting Substances (ODS) (G4-EN20-a)+Questions,836610,"Global Reporting Initiative+Emissions of Ozone-Depleting Substances (ODS), GRI 305-6-a (formerly G4-EN20-a)+Question",836608,692,https://wikirate.org/~6286507,https://wikirate.org/~836610,Name change (column B old)
6286508,Global Reporting Initiative+Emissions of Ozone-Depleting Substances (ODS) (G4-EN20-a)+topics,836609,"Global Reporting Initiative+Emissions of Ozone-Depleting Substances (ODS), GRI 305-6-a (formerly G4-EN20-a)+topics",836608,1010,https://wikirate.org/~6286508,https://wikirate.org/~836609,Name change (column B old)
6286509,Global Reporting Initiative+Emissions of Ozone-Depleting Substances (ODS) (G4-EN20-a)+About,836639,"Global Reporting Initiative+Emissions of Ozone-Depleting Substances (ODS), GRI 305-6-a (formerly G4-EN20-a)+About",836608,3755,https://wikirate.org/~6286509,https://wikirate.org/~836639,Name change (column B old)
6286510,Global Reporting Initiative+Emissions of Ozone-Depleting Substances (ODS) (G4-EN20-a)+Methodology,836640,"Global Reporting Initiative+Emissions of Ozone-Depleting Substances (ODS), GRI 305-6-a (formerly G4-EN20-a)+Methodology",836608,43974,https://wikirate.org/~6286510,https://wikirate.org/~836640,Name change (column B old)
6286511,Global Reporting Initiative+Emissions of Ozone-Depleting Substances (ODS) (G4-EN20-a)+value type,849191,"Global Reporting Initiative+Emissions of Ozone-Depleting Substances (ODS), GRI 305-6-a (formerly G4-EN20-a)+value type",836608,45034,https://wikirate.org/~6286511,https://wikirate.org/~849191,Name change (column B old)
6286512,Global Reporting Initiative+Emissions of Ozone-Depleting Substances (ODS) (G4-EN20-a)+unit,849192,"Global Reporting Initiative+Emissions of Ozone-Depleting Substances (ODS), GRI 305-6-a (formerly G4-EN20-a)+unit",836608,43685,https://wikirate.org/~6286512,https://wikirate.org/~849192,Name change (column B old)
6286513,Global Reporting Initiative+Emissions of Ozone-Depleting Substances (ODS) (G4-EN20-a)+value options,849193,"Global Reporting Initiative+Emissions of Ozone-Depleting Substances (ODS), GRI 305-6-a (formerly G4-EN20-a)+value options",836608,45029,https://wikirate.org/~6286513,https://wikirate.org/~849193,Name change (column B old)
6286514,Global Reporting Initiative+Emissions of Ozone-Depleting Substances (ODS) (G4-EN20-a)+Assessment,836611,"Global Reporting Initiative+Emissions of Ozone-Depleting Substances (ODS), GRI 305-6-a (formerly G4-EN20-a)+Assessment",836608,536264,https://wikirate.org/~6286514,https://wikirate.org/~836611,Name change (column B old)
6286515,Global Reporting Initiative+Emissions of Ozone-Depleting Substances (ODS) (G4-EN20-a)+report_type,845230,"Global Reporting Initiative+Emissions of Ozone-Depleting Substances (ODS), GRI 305-6-a (formerly G4-EN20-a)+report_type",836608,840042,https://wikirate.org/~6286515,https://wikirate.org/~845230,Name change (column B old)
6297361,KENPARK BANGALDESH APPAREL (PVT) LTD (K-2)+headquarters,4713269,Kenpark Bangladesh Apparel (PVT) LTD (K-2)+headquarters,4713268,2917776,https://wikirate.org/~6297361,https://wikirate.org/~4713269,
6297739,k Makas Giyim San. Tic. AS.+Headquarters,3427550,Sik Makas Giyim San. Tic. AS.+Headquarters,3220729,2917776,https://wikirate.org/~6297739,https://wikirate.org/~3427550,
6299907,Global Reporting Initiative+Total Waste Generated (G4-EN23-a)+Questions,848769,"Global Reporting Initiative+Total Waste Generated, GRI 306-2 (formerly G4-EN23-a)+question",848767,692,https://wikirate.org/~6299907,https://wikirate.org/~848769,Name change (column B old)
6299908,Global Reporting Initiative+Total Waste Generated (G4-EN23-a)+topic,848770,"Global Reporting Initiative+Total Waste Generated, GRI 306-2 (formerly G4-EN23-a)+topic",848767,1010,https://wikirate.org/~6299908,https://wikirate.org/~848770,Name change (column B old)
6299909,Global Reporting Initiative+Total Waste Generated (G4-EN23-a)+About,848820,"Global Reporting Initiative+Total Waste Generated, GRI 306-2 (formerly G4-EN23-a)+About",848767,3755,https://wikirate.org/~6299909,https://wikirate.org/~848820,Name change (column B old)
6299910,Global Reporting Initiative+Total Waste Generated (G4-EN23-a)+methodology,848833,"Global Reporting Initiative+Total Waste Generated, GRI 306-2 (formerly G4-EN23-a)+methodology",848767,43974,https://wikirate.org/~6299910,https://wikirate.org/~848833,Name change (column B old)
6299911,Global Reporting Initiative+Total Waste Generated (G4-EN23-a)+value type,848771,"Global Reporting Initiative+Total Waste Generated, GRI 306-2 (formerly G4-EN23-a)+value type",848767,45034,https://wikirate.org/~6299911,https://wikirate.org/~848771,Name change (column B old)
6299912,Global Reporting Initiative+Total Waste Generated (G4-EN23-a)+Unit,848852,"Global Reporting Initiative+Total Waste Generated, GRI 306-2 (formerly G4-EN23-a)+Unit",848767,43685,https://wikirate.org/~6299912,https://wikirate.org/~848852,Name change (column B old)
6299913,Global Reporting Initiative+Total Waste Generated (G4-EN23-a)+Range,3399951,"Global Reporting Initiative+Total Waste Generated, GRI 306-2 (formerly G4-EN23-a)+Range",848767,43688,https://wikirate.org/~6299913,https://wikirate.org/~3399951,Name change (column B old)
6299914,Global Reporting Initiative+Total Waste Generated (G4-EN23-a)+Assessment,848772,"Global Reporting Initiative+Total Waste Generated, GRI 306-2 (formerly G4-EN23-a)+assessment",848767,536264,https://wikirate.org/~6299914,https://wikirate.org/~848772,Name change (column B old)
6299915,Global Reporting Initiative+Total Waste Generated (G4-EN23-a)+report_type,848773,"Global Reporting Initiative+Total Waste Generated, GRI 306-2 (formerly G4-EN23-a)+report_type",848767,840042,https://wikirate.org/~6299915,https://wikirate.org/~848773,Name change (column B old)
