Record ID,Record Page,Metric,Company,Year,Value,Source Page,Original Source,Source Count,Comments,Correct year
4013038,https://wikirate.org/~4013038,Business & Human Rights Resource Centre+Modern Slavery Statement,Infineon Technologies,2017,"Yes - UK Modern Slavery Act, Yes - California Transparency in Supply Chains Act",https://wikirate.org/~3153219,,,,2016
4013709,https://wikirate.org/~4013709,Walk Free+MSA Identification of risks,Infineon Technologies,2017,No,https://wikirate.org/~3153219,,,,2016
4013666,https://wikirate.org/~4013666,Walk Free+MSA supply chain disclosure,Infineon Technologies,2017,No,https://wikirate.org/~3153219,,,,2016
4013702,https://wikirate.org/~4013702,Walk Free+MSA risk assessment,Infineon Technologies,2017,"Risk-based questionnaires, Conducting research",https://wikirate.org/~3153219,,,,2016
4013475,https://wikirate.org/~4013475,Business & Human Rights Resource Centre+MSA statement signed,Infineon Technologies,2017,Signed by CEO,https://wikirate.org/~3153219,,,,2016
4013653,https://wikirate.org/~4013653,Walk Free+MSA policy (revised),Infineon Technologies,2017,"Suppliers comply with laws and company‚Äôs policies (direct / tier 1), Prohibit use of forced labour (direct / tier 1)",https://wikirate.org/~3153219,,,,2016
4013783,https://wikirate.org/~4013783,Walk Free+MSA Performance Indicators,Infineon Technologies,2017,No,https://wikirate.org/~3153219,,,,2016
4013802,https://wikirate.org/~4013802,Walk Free+MSA Impact on Company Behaviour,Infineon Technologies,2017,No,https://wikirate.org/~3153219,,,,2016
4013728,https://wikirate.org/~4013728,Walk Free+MSA incidents remediation (revised),Infineon Technologies,2017,Cancel contracts,https://wikirate.org/~3153219,,,,2016
4013681,https://wikirate.org/~4013681,Walk Free+MSA risk management (revised),Infineon Technologies,2017,Audits of suppliers (self- reporting),https://wikirate.org/~3153219,,,,2016
4013776,https://wikirate.org/~4013776,Walk Free+MSA training (revised),Infineon Technologies,2017,Employees (all),https://wikirate.org/~3153219,,,,2016
4013789,https://wikirate.org/~4013789,Walk Free+MSA Business Performance Indicators,Infineon Technologies,2017,No,https://wikirate.org/~3153219,,,,2016
4013715,https://wikirate.org/~4013715,Walk Free+MSA incidents identified,Infineon Technologies,2017,No,https://wikirate.org/~3153219,,,,2016
4033387,https://wikirate.org/~4033387,Walk Free+MSA Identification of risks,Boohoo.com,2018,Workforce,https://wikirate.org/~4032828,,1,"""We also work closely with the agencies that supply temporary workers to understand their policies and procedures for identifying and eradicating modern slavery within their own labour supply chains. The agencies ensure that all temporary workers are recruited and supplied to the standards required "" Lucia Ixtacuy[https://wikirate.org/Lucia_Ixtacuy].....2020-07-15 10:22:51 UTC",2017
4033367,https://wikirate.org/~4033367,Walk Free+MSA supply chain disclosure,Boohoo.com,2018,No,https://wikirate.org/~4032828,,1,,2017
4033380,https://wikirate.org/~4033380,Walk Free+MSA risk assessment,Boohoo.com,2018,"Risk-based questionnaires, Use of risk management tool or software",https://wikirate.org/~4032828,,1,"Page 3: ""boohoo (and the other brands in the boohoo group) are SEDEX members and its suppliers are required to undertake a SMETA (SEDEX Members Ethical Trade Audit) to assess the quality of their operations, and this is supplemented by regular, unannounced audits by the Sourcing andCompliance team."" Priya Chokshi[https://wikirate.org/Priya_Chokshi].....2018-10-26 16:58:28 UTC ""The Procurement Team ensure that all significant new non-stock suppliers complete the new supplier due diligence questionnaire and answer questions as appropriate during the tender process."" Lucia Ixtacuy[https://wikirate.org/Lucia_Ixtacuy].....2020-07-15 14:50:38 UTC",2017
4032913,https://wikirate.org/~4032913,Business & Human Rights Resource Centre+MSA statement signed,Boohoo.com,2018,Signed by CEO,https://wikirate.org/~4032828,,1,"On Page 7, it says ""boohoo group Modern Slavery Statement was approved on behalf of the boohoo group plc Board of Directors and signed by Mahmud Kamani and Carol Kane, Joint CEO‚Äôs on 31 August 2018."" There is no signature on the actual document, but there is reference to a signature. Priya Chokshi[https://wikirate.org/Priya_Chokshi].....2018-10-25 21:35:07 UTC",2017
4033360,https://wikirate.org/~4033360,Walk Free+MSA policy (revised),Boohoo.com,2018,"Suppliers comply with laws and company‚Äôs policies (beyond tier 1), Code of conduct or supplier code includes clauses on slavery and human trafficking (beyond tier 1), Suppliers respect labour rights (wages / freedom of association etc) (beyond tier 1)",https://wikirate.org/~4032828,,1,"Page 3: ""We have a demanding set of procedures and policies in place to which all stock suppliers must adhere."" Priya Chokshi[https://wikirate.org/Priya_Chokshi].....2018-10-26 16:41:30 UTC Page 4: ""Child Labor Shall Not Be Used"" Page 5: ""Developed our own supplier auditing system, including unannounced visits, to ensure first and second tier suppliers are following regulations and acting in accordance with our code of conduct"" Priya Chokshi[https://wikirate.org/Priya_Chokshi].....2018-10-26 16:45:21 UTC ""The supplier acknowledgment process requires that suppliers accept their obligations relating to modern slavery and other compliance issues by signing a compliance form. This acknowledgment process includes confirmation from suppliers that: ‚Ä¢ They have taken steps to eradicate modern slavery within their business. ‚Ä¢ That their own suppliers are accountable to them relating to modern slavery. ‚Ä¢ UK suppliers pay their employees at least the national minimum wage or national living wage (as applicable). ‚Ä¢ In...",2017
4032920,https://wikirate.org/~4032920,Business & Human Rights Resource Centre+MSA Statement Approval,Boohoo.com,2018,Approved by Board,https://wikirate.org/~4032828,,1,"Page 7: ""Modern Slavery Statement was approved on behalf of the boohoo group plc Board of Directors"" Priya Chokshi[https://wikirate.org/Priya_Chokshi].....2018-10-25 21:36:40 UTC",2017
4033419,https://wikirate.org/~4033419,Walk Free+MSA Performance Indicators,Boohoo.com,2018,No,https://wikirate.org/~4032828,,1,,2017
6299069,https://wikirate.org/~6299069,Walk Free+MSA Impact on Company Behaviour,Boohoo.com,2018,Yes,https://wikirate.org/~4032828,,1,,2017
4033373,https://wikirate.org/~4033373,Walk Free+MSA risk management (revised),Boohoo.com,2018,"Audits of suppliers (self- reporting), Audits of suppliers (independent), On-site visits (self- reporting)",https://wikirate.org/~4032828,,1,"Page 5: ""Developed our own supplier auditing system, including unannounced visits, to ensure first and second tier suppliers are following regulations and acting in accordance with our code of conduct."" Page 5: ""Appointed a Head of Internal Audit whose role includes assessment of the process we use to audit our supply chain and the resources required to improve and implement best practice"" Priya Chokshi[https://wikirate.org/Priya_Chokshi].....2018-10-26 16:54:44 UTC",2017
4033412,https://wikirate.org/~4033412,Walk Free+MSA training (revised),Boohoo.com,2018,"Procurement / purchasing, Training provided - not specified",https://wikirate.org/~4032828,,1,"Page 6: ""All employees most directly involved in the boohoo group‚Äôs supply chain operations have been trained on the dangers of modern slavery and human trafficking and how to recognise warning signals. This includes employees in the Buying, Product and Sourcing and Compliance teams. The content of the training has been enhanced and updated and the employees receive refresher training on an annual basis. In addition, all new starters are trained during their induction week so they have an awareness of modern slavery and human trafficking."" Priya Chokshi[https://wikirate.org/Priya_Chokshi].....2018-10-26 17:24:39 UTC All employees most directly involved in the boohoo group‚Äôs supply chain operations have been trained on the dangers of modern slavery and human trafficking and how to recognise warning signals. This includes employees in the Buying, Product and Sourcing and Compliance teams. The content of the training has been enhanced and updated and the employees receive refresher training on an annual basis...",2017
4033393,https://wikirate.org/~4033393,Walk Free+MSA incidents identified,Boohoo.com,2018,No,https://wikirate.org/~4032828,,1,,2017
6299056,https://wikirate.org/~6299056,Walk Free+MSA Organizational structure and operations,Boohoo.com,2018,Yes,https://wikirate.org/~4032828,,1,,2017
5464663,https://wikirate.org/~5464663,Business & Human Rights Resource Centre+Modern Slavery Statement,Canaccord Genuity Limited,2016,Yes - UK Modern Slavery Act,https://wikirate.org/~5459229,https://communications.canaccordgenuity.com/legacy/global/Logos/Anti_slavery%20statement.pdf,1,"p.2 ""This statement is made pursuant to section 54(1) of the Modern Slavery Act 2015 and constitutes Canaccord Genuity Limited‚Äôs slavery and human trafficking statement for the financial year ended 31 March 2016."" Aileen Robinson[https://wikirate.org/Aileen_Robinson].....2020-06-18 09:41:02 UTC",2015
6147129,https://wikirate.org/~6147129,Walk Free+MSA Identification of risks,Canaccord Genuity Limited,2016,No,https://wikirate.org/~5459229,https://communications.canaccordgenuity.com/legacy/global/Logos/Anti_slavery%20statement.pdf,1,,2015
6147090,https://wikirate.org/~6147090,Walk Free+MSA supply chain disclosure,Canaccord Genuity Limited,2016,No,https://wikirate.org/~5459229,https://communications.canaccordgenuity.com/legacy/global/Logos/Anti_slavery%20statement.pdf,1,,2015
6147125,https://wikirate.org/~6147125,Walk Free+MSA risk assessment,Canaccord Genuity Limited,2016,No,https://wikirate.org/~5459229,https://communications.canaccordgenuity.com/legacy/global/Logos/Anti_slavery%20statement.pdf,1,,2015
6147018,https://wikirate.org/~6147018,Business & Human Rights Resource Centre+MSA statement signed,Canaccord Genuity Limited,2016,Signed by CEO,https://wikirate.org/~5459229,https://communications.canaccordgenuity.com/legacy/global/Logos/Anti_slavery%20statement.pdf,1,,2015
6147112,https://wikirate.org/~6147112,Walk Free+MSA policy (revised),Canaccord Genuity Limited,2016,"Code of conduct or supplier code includes clauses on slavery and human trafficking (direct / tier 1), Suppliers produce their own statement (direct / tier 1)",https://wikirate.org/~5459229,https://communications.canaccordgenuity.com/legacy/global/Logos/Anti_slavery%20statement.pdf,1,,2015
6147038,https://wikirate.org/~6147038,Business & Human Rights Resource Centre+MSA Statement Approval,Canaccord Genuity Limited,2016,Approved by Board,https://wikirate.org/~5672860,https://www.canaccordgenuity.com/globalassets/capital-markets/documents/regulatory--legal-disclosures/modern-slavery-act-statement-2017.pdf,1,p.2 'Approved by the Board' Aileen Robinson[https://wikirate.org/Aileen_Robinson].....2020-06-18 09:47:26 UTC,2015
6147233,https://wikirate.org/~6147233,Walk Free+MSA Performance Indicators,Canaccord Genuity Limited,2016,No,https://wikirate.org/~5459229,https://communications.canaccordgenuity.com/legacy/global/Logos/Anti_slavery%20statement.pdf,1,,2015
6147196,https://wikirate.org/~6147196,Walk Free+MSA whistleblowing mechanism (revised),Canaccord Genuity Limited,2016,Hotline (direct employees),https://wikirate.org/~5672860,https://www.canaccordgenuity.com/globalassets/capital-markets/documents/regulatory--legal-disclosures/modern-slavery-act-statement-2017.pdf,1,"p.1 No mention hotline covers suppliers as well as employees ""a Group Integrity Hotline which, amongst other things, enables employees to report in strict confidence any concerns relating to slavery and human trafficking issues."" The company states that they have a whistleblowing policy but they do not give any information on whistleblower protections. Aileen Robinson[https://wikirate.org/Aileen_Robinson].....2020-06-18 11:40:37 UTC a written whistleblowing policy and procedure s ( including a Group Integrity Ho tline ) which enables employees to report in confidence an y concerns of malpractice or other unethical behaviour, which would include any concern related to slavery and human trafficking issues. 1 Lucia Ixtacuy[https://wikirate.org/Lucia_Ixtacuy].....2021-04-15 19:51:18 UTC",2015
6147258,https://wikirate.org/~6147258,Walk Free+MSA Impact on Company Behaviour,Canaccord Genuity Limited,2016,Yes,https://wikirate.org/~5459229,https://communications.canaccordgenuity.com/legacy/global/Logos/Anti_slavery%20statement.pdf,1,,2015
6147179,https://wikirate.org/~6147179,Walk Free+MSA incidents remediation (revised),Canaccord Genuity Limited,2016,No,https://wikirate.org/~5672860,https://www.canaccordgenuity.com/globalassets/capital-markets/documents/regulatory--legal-disclosures/modern-slavery-act-statement-2017.pdf,1,,2015
6147153,https://wikirate.org/~6147153,Walk Free+MSA risk management (revised),Canaccord Genuity Limited,2016,No,https://wikirate.org/~5459229,https://communications.canaccordgenuity.com/legacy/global/Logos/Anti_slavery%20statement.pdf,1,,2015
6147221,https://wikirate.org/~6147221,Walk Free+MSA training (revised),Canaccord Genuity Limited,2016,No,https://wikirate.org/~5459229,https://communications.canaccordgenuity.com/legacy/global/Logos/Anti_slavery%20statement.pdf,1,,2015
6147237,https://wikirate.org/~6147237,Walk Free+MSA Business Performance Indicators,Canaccord Genuity Limited,2016,No,https://wikirate.org/~5459229,https://communications.canaccordgenuity.com/legacy/global/Logos/Anti_slavery%20statement.pdf,1,,2015
6147161,https://wikirate.org/~6147161,Walk Free+MSA incidents identified,Canaccord Genuity Limited,2016,No,https://wikirate.org/~5459229,https://communications.canaccordgenuity.com/legacy/global/Logos/Anti_slavery%20statement.pdf,1,,2015
6147058,https://wikirate.org/~6147058,Walk Free+MSA Organizational structure and operations,Canaccord Genuity Limited,2016,Yes,https://wikirate.org/~5459229,https://communications.canaccordgenuity.com/legacy/global/Logos/Anti_slavery%20statement.pdf,1,,2015
5486446,https://wikirate.org/~5486446,Walk Free+MSA Identification of risks,Charles Taylor plc,2018,Geographic,https://wikirate.org/~5486021,https://www.ctplc.com/media/449236/modern-slavery-statement-2017-final.pdf,1,"p.1 ""he Group has reviewedthe supply chain relating to its main areas of spend and geographic markets in order to ensure appropriate levels of service and commercial terms and to minimise the risk of modern slavery, human traffickingand other unethical behaviour. The Group has taken and is taking measures to mitigate these risks going forward"" Oliver Mitchell[https://wikirate.org/Oliver_Mitchell].....2019-10-21 18:45:38 UTC",2017
5486334,https://wikirate.org/~5486334,Walk Free+MSA supply chain disclosure,Charles Taylor plc,2018,No,https://wikirate.org/~5486021,https://www.ctplc.com/media/449236/modern-slavery-statement-2017-final.pdf,1,,2017
5486418,https://wikirate.org/~5486418,Walk Free+MSA risk assessment,Charles Taylor plc,2018,Conducting research,https://wikirate.org/~5486021,https://www.ctplc.com/media/449236/modern-slavery-statement-2017-final.pdf,1,,2017
5486377,https://wikirate.org/~5486377,Walk Free+MSA policy (revised),Charles Taylor plc,2018,In Development,https://wikirate.org/~5486021,https://www.ctplc.com/media/449236/modern-slavery-statement-2017-final.pdf,1,"p.1 ""These include policies and procedures relating to Anti-Bribery and Corruption, Anti-Money laundering, Sanctions, Share Dealing, Procurement and Whistleblowing"" Oliver Mitchell[https://wikirate.org/Oliver_Mitchell].....2019-10-21 18:42:29 UTC",2017
5486584,https://wikirate.org/~5486584,Walk Free+MSA Performance Indicators,Charles Taylor plc,2018,In Development,https://wikirate.org/~5486021,https://www.ctplc.com/media/449236/modern-slavery-statement-2017-final.pdf,1,,2017
5486523,https://wikirate.org/~5486523,Walk Free+MSA whistleblowing mechanism (revised),Charles Taylor plc,2018,Whistleblower protection (direct employees),https://wikirate.org/~5486021,https://www.ctplc.com/media/449236/modern-slavery-statement-2017-final.pdf,1,"The Group‚ÄôsWhistleblowing Policy encourages staff to report concerns they may have about the Group‚Äôs compliance with applicable laws and/or breaches of its own ethical standards, without fear of retaliation2 Oliver Mitchell[https://wikirate.org/Oliver_Mitchell].....2019-10-21 18:49:44 UTC",2017
5486626,https://wikirate.org/~5486626,Walk Free+MSA Impact on Company Behaviour,Charles Taylor plc,2018,Yes,https://wikirate.org/~5486021,https://www.ctplc.com/media/449236/modern-slavery-statement-2017-final.pdf,1,,2017
5486486,https://wikirate.org/~5486486,Walk Free+MSA risk management (revised),Charles Taylor plc,2018,Audits of suppliers (independent),https://wikirate.org/~5486021,https://www.ctplc.com/media/449236/modern-slavery-statement-2017-final.pdf,1,,2017
5486557,https://wikirate.org/~5486557,Walk Free+MSA training (revised),Charles Taylor plc,2018,Training provided - not specified,https://wikirate.org/~5486021,https://www.ctplc.com/media/449236/modern-slavery-statement-2017-final.pdf,1,"p.2 ""hrough its selection, recruitment, induction and training procedures and programmes, the Group aims to ensure that the people it employs are not subject to modern slavery and human trafficking and are afforded the rights and protections that they are entitled to by law"" Oliver Mitchell[https://wikirate.org/Oliver_Mitchell].....2019-10-21 18:50:51 UTC",2017
5486591,https://wikirate.org/~5486591,Walk Free+MSA Business Performance Indicators,Charles Taylor plc,2018,Yes,https://wikirate.org/~5486021,https://www.ctplc.com/media/449236/modern-slavery-statement-2017-final.pdf,1,,2017
5486511,https://wikirate.org/~5486511,Walk Free+MSA incidents identified,Charles Taylor plc,2018,No,https://wikirate.org/~5486021,https://www.ctplc.com/media/449236/modern-slavery-statement-2017-final.pdf,1,,2017
5486277,https://wikirate.org/~5486277,Walk Free+MSA Organizational structure and operations,Charles Taylor plc,2018,No,https://wikirate.org/~5486021,https://www.ctplc.com/media/449236/modern-slavery-statement-2017-final.pdf,1,,2017
6357166,https://wikirate.org/~6357166,Business & Human Rights Resource Centre+Modern Slavery Statement,Gildan Activewear Inc.,2019,"Yes - UK Modern Slavery Act, Yes - California Transparency in Supply Chains Act",https://wikirate.org/~5641231,http://www.gildancorp.com/supply-chain-transparency,1,"The company refers to the statement as a 2019 statement however the information and link provided is of 2018 and the statement is approved in July 2019. pg, 2 ""This statement was approved by the Board of Directors of Gildan Activewear Inc. on July 31, 2019. Singh Anjali[https://wikirate.org/Singh_Anjali].....2021-08-10 05:21:21 UTC",2018
5641225,https://wikirate.org/~5641225,Walk Free+MSA Identification of risks,Gildan Activewear Inc.,2019,No,https://wikirate.org/~5641231,http://www.gildancorp.com/supply-chain-transparency,1,"There are no explicit statements where the company has identified the greatest risks in its organization and supply chain. Only general statements of industries, resources and workforces that are most vulnerable to trafficking and slavery. Meron Hailu[https://wikirate.org/Meron_Hailu].....2019-11-16 21:27:11 UTC ""Such evaluation starts by a consideration of inherent and potential risks based on geographical location and industry type and includes, when appropriate, questionnaires and local verifications."" Meron Hailu[https://wikirate.org/Meron_Hailu].....2019-11-16 22:32:28 UTC",2018
5641278,https://wikirate.org/~5641278,Walk Free+MSA supply chain disclosure,Gildan Activewear Inc.,2019,Geographical,https://wikirate.org/~5641231,http://www.gildancorp.com/supply-chain-transparency,1,"""Gildan owns and operates vertically-integrated, large-scale manufacturing facilities which are primarily located in Central America, the Caribbean Basin, North America, and Bangladesh."" Meron Hailu[https://wikirate.org/Meron_Hailu].....2019-11-16 22:17:21 UTC",2018
5641292,https://wikirate.org/~5641292,Walk Free+MSA risk assessment,Gildan Activewear Inc.,2019,"Risk-based questionnaires, Conducting research",https://wikirate.org/~5641231,http://www.gildancorp.com/supply-chain-transparency,1,"""The Company identifies and assesses potential risks in its supply chain by conducting a due diligence review of potential business partners prior to entering into sourcing or major supply agreements."" ""Such evaluation starts by a consideration of inherent and potential risks based on geographical location and industry type and includes, when appropriate, questionnaires and local verifications."" Meron Hailu[https://wikirate.org/Meron_Hailu].....2019-11-16 22:36:53 UTC",2018
5641265,https://wikirate.org/~5641265,Business & Human Rights Resource Centre+MSA statement signed,Gildan Activewear Inc.,2019,Not signed,https://wikirate.org/~5641231,http://www.gildancorp.com/supply-chain-transparency,1,,2018
5641285,https://wikirate.org/~5641285,Walk Free+MSA policy (revised),Gildan Activewear Inc.,2019,"Suppliers comply with laws and company‚Äôs policies (direct / tier 1), Prohibit use of forced labour (direct / tier 1), Code of conduct or supplier code includes clauses on slavery and human trafficking (direct / tier 1), Contracts include clauses on forced labour (direct / tier 1), Prohibit charging of recruitment fees to employee (direct / tier 1), Prohibit use of child labour (direct / tier 1), Suppliers protect migrant workers (direct / tier 1), Suppliers respect labour rights (wages / freedom of association etc) (direct / tier 1)",https://wikirate.org/~5641231,http://www.gildancorp.com/supply-chain-transparency,1,"""Our Code of Conduct explicitly states that ‚ÄúGildan and its business partners will not use forced labour, including prison labour, indentured labour, bonded labour or any other form of forced labour.‚Äù"" ""To ensure that Gildan‚Äôs manufacturing contractors and major suppliers respect and adhere to Gildan‚Äôs commitment against slavery and human trafficking, we require them to undertake in writing that they will adhere to Gildan‚Äôs Code of Conduct, as well as all applicable laws. Such written undertaking is included in the contracts signed by the manufacturing contractors and major suppliers, or as part of their annual certification process (when applicable)."" Meron Hailu[https://wikirate.org/Meron_Hailu].....2019-11-16 22:30:56 UTC",2018
5641271,https://wikirate.org/~5641271,Business & Human Rights Resource Centre+MSA Statement Approval,Gildan Activewear Inc.,2019,Approved by Board,https://wikirate.org/~5641231,http://www.gildancorp.com/supply-chain-transparency,1,"This statement was approved by the Board of Directors of Gildan Activewear Inc. on July 31, 2019.2 Meron Hailu[https://wikirate.org/Meron_Hailu].....2019-11-16 22:07:54 UTC",2018
6509377,https://wikirate.org/~6509377,Walk Free+MSA Performance Indicators,Gildan Activewear Inc.,2019,No,https://wikirate.org/~5641231,http://www.gildancorp.com/supply-chain-transparency,1,,2018
5641338,https://wikirate.org/~5641338,Walk Free+MSA whistleblowing mechanism (revised),Gildan Activewear Inc.,2019,Hotline (direct employees),https://wikirate.org/~5641231,http://www.gildancorp.com/supply-chain-transparency,1,"""Finally, our whistleblowing policy encourages our employees to report any real or suspected misconduct, which extends to concerns relating to human rights violations like slavery and human trafficking. All reports received through the various reporting channels available to our employees ‚Äì including our Ethics and Compliance Hotline ‚Äì are fully investigated and appropriate remedial actions are taken."" Meron Hailu[https://wikirate.org/Meron_Hailu].....2019-11-16 23:06:03 UTC",2018
5641364,https://wikirate.org/~5641364,Walk Free+MSA Impact on Company Behaviour,Gildan Activewear Inc.,2019,No,https://wikirate.org/~5641231,http://www.gildancorp.com/supply-chain-transparency,1,No information is given about whether the Act has shaped the company‚Äôs policy. It only mentions the Modern Slavery Act in the first sentence of the statement. Meron Hailu[https://wikirate.org/Meron_Hailu].....2019-11-16 23:13:09 UTC,2018
6509366,https://wikirate.org/~6509366,Walk Free+MSA incidents remediation (revised),Gildan Activewear Inc.,2019,"Corrective action plan, Cancel contracts",https://wikirate.org/~5641231,http://www.gildancorp.com/supply-chain-transparency,1,"""Non-compliance with Gildan‚Äôs Code of Conduct on slavery and human trafficking is taken very seriously by Gildan. If such non-compliance occurs, we take remedial action to contain, address and resolve the situation within the shortest possible delays. Moreover, such non- compliance will lead to termination of employment at Gildan and/or termination of a commercial agreement with Gild"" Lucia Ixtacuy[https://wikirate.org/Lucia_Ixtacuy].....2020-12-10 12:59:23 UTC",2018
5641331,https://wikirate.org/~5641331,Walk Free+MSA risk management (revised),Gildan Activewear Inc.,2019,"Audits of suppliers (self- reporting), Audits of suppliers (independent), On-site visits (self- reporting), On-site visits (independent)",https://wikirate.org/~5641231,http://www.gildancorp.com/supply-chain-transparency,1,"""To ensure compliance with our Code of Conduct, we perform independent internal and third party working conditions audits at each of our owned and contracted facilities that manufacture our products. The majority of the audits are conducted by our trained internal auditors, while third party auditors are employed in some instances. Some of our manufacturing contractors have been participating in the ILO Better Work Programme. Gildan‚Äôs manufacturing facilities, as well as its contractors, are also independently audited by the FLA, WRAP and some of our customers. All Gildan-owned and third-party contractor facilities are subject to a complete internal audit based on a risk assessment that evaluates country risk, order volume, the facility‚Äôs rating and previous audit performance."" Meron Hailu[https://wikirate.org/Meron_Hailu].....2019-11-16 23:01:50 UTC",2018
5641306,https://wikirate.org/~5641306,Walk Free+MSA training (revised),Gildan Activewear Inc.,2019,Employees (all),https://wikirate.org/~5641231,http://www.gildancorp.com/supply-chain-transparency,1,"""Gildan requires all of its employees to read, understand and certify their compliance with our Code of Ethics upon hire. All employees participated in an interactive on-line course on our Code of Ethics during 2016, and an interactive on-line course on our Code of Conduct during 2017. We also offer regular specific training to our internal monitoring teams who work closely with our management teams and our contractors, to ensure they are knowledgeable on our requirements and understand the issues related to social compliance and human rights. In 2018, more than 29,000 hours of training on our Code of Conduct were provided to our manufacturing employees. We also provide training directly to our major contractors and suppliers."" Meron Hailu[https://wikirate.org/Meron_Hailu].....2019-11-16 22:51:52 UTC Gildan is committed to maintaining high ethical standards in all of our operations and business practices worldwide, and as such, does not tolerate modern slavery or human trafficking in any form. We adhere to...",2018
6509362,https://wikirate.org/~6509362,Walk Free+MSA Business Performance Indicators,Gildan Activewear Inc.,2019,No,https://wikirate.org/~5641231,http://www.gildancorp.com/supply-chain-transparency,1,,2018
6509371,https://wikirate.org/~6509371,Walk Free+MSA incidents identified,Gildan Activewear Inc.,2019,No,https://wikirate.org/~5641231,http://www.gildancorp.com/supply-chain-transparency,1,,2018
5641372,https://wikirate.org/~5641372,Walk Free+MSA Organizational structure and operations,Gildan Activewear Inc.,2019,Yes,https://wikirate.org/~5641231,http://www.gildancorp.com/supply-chain-transparency,1,"""Gildan owns and operates vertically-integrated, large-scale manufacturing facilities ...[ ]"" ""The vast majority of our products are manufactured in our own facilities. While we produce the majority of the products we sell internally, we also have sourcing capabilities which represent less than 10% of our total production in terms of revenues."" Meron Hailu[https://wikirate.org/Meron_Hailu].....2019-11-16 23:15:57 UTC",2018
5480795,https://wikirate.org/~5480795,Walk Free+MSA Identification of risks,Mclarens Global Limited,2019,No,https://wikirate.org/~5460307,https://mclarens.com/privacy-policy/mclarens-modern-slavery-statement/,1,,2018
5480562,https://wikirate.org/~5480562,Walk Free+MSA supply chain disclosure,Mclarens Global Limited,2019,No,https://wikirate.org/~5460307,https://mclarens.com/privacy-policy/mclarens-modern-slavery-statement/,1,,2018
5480769,https://wikirate.org/~5480769,Walk Free+MSA risk assessment,Mclarens Global Limited,2019,Use of risk management tool or software,https://wikirate.org/~5460307,https://mclarens.com/privacy-policy/mclarens-modern-slavery-statement/,1,"P.2 ""The Company already has several policies and procedures in place designed to ensure that our business, and businesses with which it contracts, are managed ethically and in accordance with all applicable laws. These include polices relatingÔÉâLoginÔÇêAssign a claimÔÅÑSearchÔÄÇ to Anti-Bribery and Corruption, Anti-Money Laundering, Sanctions, a Business Code of Conduct and Whistleblowing"" Oliver Mitchell[https://wikirate.org/Oliver_Mitchell].....2019-10-21 11:26:04 UTC",2018
5480437,https://wikirate.org/~5480437,Business & Human Rights Resource Centre+MSA statement signed,Mclarens Global Limited,2019,Not signed,https://wikirate.org/~5460307,https://mclarens.com/privacy-policy/mclarens-modern-slavery-statement/,1,The statement does not refer to the writer or to who has signed the document off. Oliver Mitchell[https://wikirate.org/Oliver_Mitchell].....2019-10-21 11:11:50 UTC,2018
5480727,https://wikirate.org/~5480727,Walk Free+MSA policy (revised),Mclarens Global Limited,2019,No,https://wikirate.org/~5460307,https://mclarens.com/privacy-policy/mclarens-modern-slavery-statement/,1,"p.2 ""Our staff are aware of the Modern Slavery Act; andStaff are aware of what they should do if they suspect a case of Slavery or Human Trafficking and that they can use the Whistleblowing Policy to report concerns"" There is a reference to staff being aware of the modern slavery act and there is mention of whistle blowing. However they do not provide enough detail for this answer to be accepted. Oliver Mitchell[https://wikirate.org/Oliver_Mitchell].....2019-10-21 11:24:30 UTC",2018
5480444,https://wikirate.org/~5480444,Business & Human Rights Resource Centre+MSA Statement Approval,Mclarens Global Limited,2019,Approval not explicit in statement,https://wikirate.org/~5460307,https://mclarens.com/privacy-policy/mclarens-modern-slavery-statement/,1,No where in the document does it refer to a board of directors approving the statement Oliver Mitchell[https://wikirate.org/Oliver_Mitchell].....2019-10-21 11:13:30 UTC,2018
5480927,https://wikirate.org/~5480927,Walk Free+MSA Performance Indicators,Mclarens Global Limited,2019,No,https://wikirate.org/~5460307,https://mclarens.com/privacy-policy/mclarens-modern-slavery-statement/,1,,2018
5480908,https://wikirate.org/~5480908,Walk Free+MSA whistleblowing mechanism (revised),Mclarens Global Limited,2019,No,https://wikirate.org/~5460307,https://mclarens.com/privacy-policy/mclarens-modern-slavery-statement/,1,"p.2 ""use the Whistleblowing Policy to report concerns"" Oliver Mitchell[https://wikirate.org/Oliver_Mitchell].....2019-10-21 11:32:38 UTC The Company will ensure that:Our staff are aware of the Modern Slavery Act; andStaff are aware of what they should do if they suspect a case of Slavery or Human Trafficking and that they canuse the Whistleblowing Policy to report concerns. P. 2 Samantha Wolk[https://wikirate.org/Samantha_Wolk].....2021-04-30 03:50:31 UTC Policy mentions a Whistleblowing Policy but mentions no focal point, protections, or facilitating mechanisms. Samantha Wolk[https://wikirate.org/Samantha_Wolk].....2021-04-30 03:50:55 UTC",2018
5480995,https://wikirate.org/~5480995,Walk Free+MSA Impact on Company Behaviour,Mclarens Global Limited,2019,Yes,https://wikirate.org/~5460307,https://mclarens.com/privacy-policy/mclarens-modern-slavery-statement/,1,"P.2 ""The Company already has several policies and procedures in place designed to ensure that our business, and businesseswith which it contracts, are managed ethically and in accordance with all applicable laws. These include polices relatingÔÉâLoginÔÇêAssign a claimÔÅÑSearchÔÄÇ to Anti-Bribery and Corruption, Anti-Money Laundering, Sanctions, a Business Code of Conduct and Whistleblowing"" Oliver Mitchell[https://wikirate.org/Oliver_Mitchell].....2019-10-21 11:35:31 UTC",2018
5480882,https://wikirate.org/~5480882,Walk Free+MSA incidents remediation (revised),Mclarens Global Limited,2019,No,https://wikirate.org/~5460307,https://mclarens.com/privacy-policy/mclarens-modern-slavery-statement/,1,,2018
5480810,https://wikirate.org/~5480810,Walk Free+MSA risk management (revised),Mclarens Global Limited,2019,"Audits of suppliers (self- reporting), Audits of suppliers (independent)",https://wikirate.org/~5460307,https://mclarens.com/privacy-policy/mclarens-modern-slavery-statement/,1,"p.2 ""Anti-Bribery and Corruption, Anti-Money Laundering, Sanctions, a Business Code of Conduct and Whistleblowing"" They mention both audit and self reporting such as whistleblowing. Oliver Mitchell[https://wikirate.org/Oliver_Mitchell].....2019-10-21 11:29:21 UTC",2018
5480915,https://wikirate.org/~5480915,Walk Free+MSA training (revised),Mclarens Global Limited,2019,No,https://wikirate.org/~5460307,https://mclarens.com/privacy-policy/mclarens-modern-slavery-statement/,1,Training and Awareness Raising staff awareness of the Modern Slavery Act is integral to maintaining our standards of expected behaviours. The Company will ensure that: Our staff are aware of the Modern Slavery Act; and Staff are aware of what they should do if they suspect a case of Slavery or Human Trafficking and that they can use the Whistleblowing Policy to report concerns.2 xokucfrd[https://wikirate.org/xokucfrd].....2021-04-28 16:38:54 UTC,2018
5480955,https://wikirate.org/~5480955,Walk Free+MSA Business Performance Indicators,Mclarens Global Limited,2019,No,https://wikirate.org/~5460307,https://mclarens.com/privacy-policy/mclarens-modern-slavery-statement/,1,,2018
5480817,https://wikirate.org/~5480817,Walk Free+MSA incidents identified,Mclarens Global Limited,2019,No,https://wikirate.org/~5460307,https://mclarens.com/privacy-policy/mclarens-modern-slavery-statement/,1,,2018
5480504,https://wikirate.org/~5480504,Walk Free+MSA Organizational structure and operations,Mclarens Global Limited,2019,No,https://wikirate.org/~5460307,https://mclarens.com/privacy-policy/mclarens-modern-slavery-statement/,1,"There is no mentioned of ownership structure, business model, subsidiaries and any other businesses. Oliver Mitchell[https://wikirate.org/Oliver_Mitchell].....2019-10-21 11:17:50 UTC",2018
5466788,https://wikirate.org/~5466788,Business & Human Rights Resource Centre+Modern Slavery Statement,Accident Exchange Limited,2017,Yes - UK Modern Slavery Act,https://wikirate.org/~5466080,https://www.accidentexchange.com/media/1213/2017-11-20-modern-slavery-act-statement-final.pdf,1,"p.3 ""This statement is made pursuant to section 54(1) of the Modern Slavery Act 2015 and constitutes our Group's slavery and human trafficking statement for the financial year ended 28 February 2017."" Aileen Robinson[https://wikirate.org/Aileen_Robinson].....2020-02-12 15:14:49 UTC",2016
5474173,https://wikirate.org/~5474173,Walk Free+MSA Identification of risks,Accident Exchange Limited,2017,No,https://wikirate.org/~5466080,https://www.accidentexchange.com/media/1213/2017-11-20-modern-slavery-act-statement-final.pdf,1,,2016
5474078,https://wikirate.org/~5474078,Walk Free+MSA supply chain disclosure,Accident Exchange Limited,2017,Facility/Supplier,https://wikirate.org/~5466080,https://www.accidentexchange.com/media/1213/2017-11-20-modern-slavery-act-statement-final.pdf,1,,2016
5474160,https://wikirate.org/~5474160,Walk Free+MSA risk assessment,Accident Exchange Limited,2017,In Development,https://wikirate.org/~5466080,https://www.accidentexchange.com/media/1213/2017-11-20-modern-slavery-act-statement-final.pdf,1,Page 3 'will consider the implementation of processes to ensure that we can monitor and identify the risk factors giving rise to modern slavery and human trafficking.' Asif Ahmed[https://wikirate.org/Asif_Ahmed].....2019-10-19 19:09:06 UTC,2016
5474022,https://wikirate.org/~5474022,Business & Human Rights Resource Centre+MSA statement signed,Accident Exchange Limited,2017,Not signed - but individual with title named,https://wikirate.org/~5466080,https://www.accidentexchange.com/media/1213/2017-11-20-modern-slavery-act-statement-final.pdf,1,,2016
5474091,https://wikirate.org/~5474091,Walk Free+MSA policy (revised),Accident Exchange Limited,2017,Prohibit use of forced labour (beyond tier 1),https://wikirate.org/~5466080,https://www.accidentexchange.com/media/1213/2017-11-20-modern-slavery-act-statement-final.pdf,1,Page 3 - 'We have included in our principal contracts obligations on our suppliers to comply with the provisions of the Act' Asif Ahmed[https://wikirate.org/Asif_Ahmed].....2019-10-19 19:07:39 UTC,2016
5474048,https://wikirate.org/~5474048,Business & Human Rights Resource Centre+MSA Statement Approval,Accident Exchange Limited,2017,Approval not explicit in statement,https://wikirate.org/~5466080,https://www.accidentexchange.com/media/1213/2017-11-20-modern-slavery-act-statement-final.pdf,1,,2016
5474346,https://wikirate.org/~5474346,Walk Free+MSA Performance Indicators,Accident Exchange Limited,2017,No,https://wikirate.org/~5466080,https://www.accidentexchange.com/media/1213/2017-11-20-modern-slavery-act-statement-final.pdf,1,,2016
5474303,https://wikirate.org/~5474303,Walk Free+MSA whistleblowing mechanism (revised),Accident Exchange Limited,2017,"Whistleblower protection (direct employees), Focal Point (direct employees)",https://wikirate.org/~5466080,https://www.accidentexchange.com/media/1213/2017-11-20-modern-slavery-act-statement-final.pdf,1,"Protects whistleblowers. 3 Lucia Ixtacuy[https://wikirate.org/Lucia_Ixtacuy].....2021-03-04 00:22:50 UTC AX Group has a Whistleblowing Policy and Anti-Slavery Policy, readily available to all staff on our intranet. We encourage staff to report concerns over any aspect of the conduct of our business or that of our suppliers to our Company Secretary or CEO. 3 Lucia Ixtacuy[https://wikirate.org/Lucia_Ixtacuy].....2021-03-04 00:23:37 UTC",2016
5474371,https://wikirate.org/~5474371,Walk Free+MSA Impact on Company Behaviour,Accident Exchange Limited,2017,No,https://wikirate.org/~5466080,https://www.accidentexchange.com/media/1213/2017-11-20-modern-slavery-act-statement-final.pdf,1,,2016
5474195,https://wikirate.org/~5474195,Walk Free+MSA risk management (revised),Accident Exchange Limited,2017,No,https://wikirate.org/~5466080,https://www.accidentexchange.com/media/1213/2017-11-20-modern-slavery-act-statement-final.pdf,1,,2016
5474323,https://wikirate.org/~5474323,Walk Free+MSA training (revised),Accident Exchange Limited,2017,"Training provided - not specified, In Development",https://wikirate.org/~5466080,https://www.accidentexchange.com/media/1213/2017-11-20-modern-slavery-act-statement-final.pdf,1,Only to RELEVANT members of staff Page 2 - ' We have included in our principal contracts obligations on our suppliers to comply with the provisions of the Act and will consider the implementation of processes to ensure that we can monitor and identify the risk factors giving rise to modern slavery and human trafficking.' Asif Ahmed[https://wikirate.org/Asif_Ahmed].....2019-10-19 19:23:05 UTC,2016
5474359,https://wikirate.org/~5474359,Walk Free+MSA Business Performance Indicators,Accident Exchange Limited,2017,No,https://wikirate.org/~5466080,https://www.accidentexchange.com/media/1213/2017-11-20-modern-slavery-act-statement-final.pdf,1,,2016
5474241,https://wikirate.org/~5474241,Walk Free+MSA incidents identified,Accident Exchange Limited,2017,No,https://wikirate.org/~5466080,https://www.accidentexchange.com/media/1213/2017-11-20-modern-slavery-act-statement-final.pdf,1,,2016
5474072,https://wikirate.org/~5474072,Walk Free+MSA Organizational structure and operations,Accident Exchange Limited,2017,Yes,https://wikirate.org/~5466080,https://www.accidentexchange.com/media/1213/2017-11-20-modern-slavery-act-statement-final.pdf,1,,2016
3168538,https://wikirate.org/~3168538,Business & Human Rights Resource Centre+Modern Slavery Statement,Sainsbury's,2017,Yes - UK Modern Slavery Act,https://wikirate.org/~3085304,https://www.about.sainsburys.co.uk/~/media/Files/S/Sainsburys/documents/Sainsburys_Modern_Slavery_Statement_2016_17.pdf,1,"UK's modern slavery ACT was clearly mentioned under the statement ""Modern Slavery Act 2015 and the requirement on businesses to report on activities taken to combat slavery."" Sadaf[https://wikirate.org/Sadaf].....2017-10-17 20:44:32 UTC",2016
3169513,https://wikirate.org/~3169513,Walk Free+MSA Identification of risks,Sainsbury's,2017,Geographic,https://wikirate.org/~3085304,https://www.about.sainsburys.co.uk/~/media/Files/S/Sainsburys/documents/Sainsburys_Modern_Slavery_Statement_2016_17.pdf,1,,2016
3169101,https://wikirate.org/~3169101,Walk Free+MSA supply chain disclosure,Sainsbury's,2017,Geographical,https://wikirate.org/~3085304,https://www.about.sainsburys.co.uk/~/media/Files/S/Sainsburys/documents/Sainsburys_Modern_Slavery_Statement_2016_17.pdf,1,"Page 3/11 clearly identifies that Sainsbury‚Äôs branded products from more than 2,000 supplier sites based in over 70 countries. Sadaf[https://wikirate.org/Sadaf].....2017-10-17 21:03:06 UTC",2016
3169409,https://wikirate.org/~3169409,Walk Free+MSA risk assessment,Sainsbury's,2017,Conducting research,https://wikirate.org/~3085304,https://www.about.sainsburys.co.uk/~/media/Files/S/Sainsburys/documents/Sainsburys_Modern_Slavery_Statement_2016_17.pdf,1,page 5/11 it has been stated that incase of any risks regarding modern slavery and trafficking in their supply chain they gather an action plan is put in place to ensure the supplier reaches compliance within a set timeframe. Any issue that is deemed high risk or is not resolved within the agreed timeframe is escalated to senior leadership. Sadaf[https://wikirate.org/Sadaf].....2017-10-17 21:25:46 UTC,2016
3168892,https://wikirate.org/~3168892,Business & Human Rights Resource Centre+MSA statement signed,Sainsbury's,2017,Signed by CEO,https://wikirate.org/~3085304,https://www.about.sainsburys.co.uk/~/media/Files/S/Sainsburys/documents/Sainsburys_Modern_Slavery_Statement_2016_17.pdf,1,"The statement was signed by Mike Coupe Chief Executive Officer, J Sainsbury plc 2 June 2017 Sadaf[https://wikirate.org/Sadaf].....2017-10-17 20:55:47 UTC",2016
3169037,https://wikirate.org/~3169037,Walk Free+MSA policy (revised),Sainsbury's,2017,"Code of conduct or supplier code includes clauses on slavery and human trafficking (beyond tier 1), Suppliers produce their own statement (direct / tier 1)",https://wikirate.org/~3085304,https://www.about.sainsburys.co.uk/~/media/Files/S/Sainsburys/documents/Sainsburys_Modern_Slavery_Statement_2016_17.pdf,1,"""We understand our duty to respect human rights, are committed to identifying vulnerable workers and will not tolerate any form of slavery or servitude within our business or supply chain. We aim to ensure that a robust, risk-based approach will enable us to proactively tackle the serious exploitation of workers and direct resources to achieve maximum impact. "" This was mentioned as personal statement. Furthermore, they also stated ""We set out the expectations of our suppliers in relation to the treatment of workers through our Code of Conduct for Ethical Trade, our contractual terms, and the Sainsbury‚Äôs Supplier Handbook."" Sadaf[https://wikirate.org/Sadaf].....2017-10-17 21:01:44 UTC",2016
3486916,https://wikirate.org/~3486916,Walk Free+MSA Performance Indicators,Sainsbury's,2017,In Development,https://wikirate.org/~3085304,https://www.about.sainsburys.co.uk/~/media/Files/S/Sainsburys/documents/Sainsburys_Modern_Slavery_Statement_2016_17.pdf,1,"p. 9 ""The work of the Sedex Stakeholders Forum will improve our, and other Sedex members‚Äô, ability to track indicators of forced labour based on existing audit data"" p. 5 ""This is why we have supported the development of innovations such as the Sedex Forced Labour Indicators , which uses new methods to identify clusters of slavery risk indicators commonly found in a social audit. We participate in an Impact Indicators pilot programme , with other retailers , which enables us to create a more holistic sup plier risk assessment by supplementing audits with a new worker survey alongside other human resources metrics"" Lucia Ixtacuy[https://wikirate.org/Lucia_Ixtacuy].....2018-04-19 09:51:48 UTC",2016
3486934,https://wikirate.org/~3486934,Walk Free+MSA whistleblowing mechanism (revised),Sainsbury's,2017,"Hotline (direct employees), Hotline (supply chain workers)",https://wikirate.org/~3085304,https://www.about.sainsburys.co.uk/~/media/Files/S/Sainsburys/documents/Sainsburys_Modern_Slavery_Statement_2016_17.pdf,1,"p. 7 ""We are active members and funders of Project Issara which was originally set up by Anti - Slavery International to identify and support victims of trafficking and slavery in the Thai fishing industry. The initiative has since become the independent Issara Institute . It publicises a hotline for victims, conducts site assessments to uncover issues through increasing worker voice, builds more ethical recruitment channels, uses technology to track and analyse migration patterns and movements of fishing boats and provides financial assistance through a fund for victim support and remediation. "" Lucia Ixtacuy[https://wikirate.org/Lucia_Ixtacuy].....2018-04-19 10:01:08 UTC We also use an independent hotline , Sainsbury's RightLine , for colleagues, contractors and suppliers to report confidentially a ny issues of concern ranging from food safety to human rights and modern slavery. 4 Lucia Ixtacuy[https://wikirate.org/Lucia_Ixtacuy].....2021-06-30 08:59:01 UTC",2016
3169338,https://wikirate.org/~3169338,Walk Free+MSA risk management (revised),Sainsbury's,2017,"Audits of suppliers (self- reporting), Audits of suppliers (independent)",https://wikirate.org/~3085304,https://www.about.sainsburys.co.uk/~/media/Files/S/Sainsburys/documents/Sainsburys_Modern_Slavery_Statement_2016_17.pdf,1,page 4/11 proves that their policy includesguidance on the responsible use of labour providersand on conducting social compliance audits.,2016
3486313,https://wikirate.org/~3486313,Walk Free+MSA training (revised),Sainsbury's,2017,"Procurement / purchasing, Recruitment / HR, Suppliers",https://wikirate.org/~3085304,https://www.about.sainsburys.co.uk/~/media/Files/S/Sainsburys/documents/Sainsburys_Modern_Slavery_Statement_2016_17.pdf,1,"Technical and commercial colleagues at Sainsbury‚Äôs receive training on the ethical standards we expect and their role in supporting suppliers during their induction and on an on-going basis. This training includes guidance on modern slavery and trafficking, questions to ask and how to conduct site visitswhich incorporate some of the forced labour indicators. Some colleagues in grocery also attend more extensive training on slavery and trafficking which is provided to suppliers through our Technical Management Academy.10 Aileen Robinson[https://wikirate.org/Aileen_Robinson].....2021-03-12 15:20:42 UTC over 100 HR staffand line managers have received training on forced labour.8 Aileen Robinson[https://wikirate.org/Aileen_Robinson].....2021-03-12 15:20:51 UTC We engage in a number of collaborations to support the awareness raising and capability building of our suppliers. In 2014,we established a ground-breaking partnership with the UK‚Äôs foremost investigator of labour exploitation, the Gangmasters and Labour...",2016
3486307,https://wikirate.org/~3486307,Walk Free+MSA Business Performance Indicators,Sainsbury's,2017,In Development,https://wikirate.org/~3085304,https://www.about.sainsburys.co.uk/~/media/Files/S/Sainsburys/documents/Sainsburys_Modern_Slavery_Statement_2016_17.pdf,1,MSA statement 2017. Risk assessment sectio (p6) Lucia Ixtacuy[https://wikirate.org/Lucia_Ixtacuy].....2018-04-18 16:16:28 UTC,2016
3169530,https://wikirate.org/~3169530,Walk Free+MSA incidents identified,Sainsbury's,2017,Yes,https://wikirate.org/~3085304,https://www.about.sainsburys.co.uk/~/media/Files/S/Sainsburys/documents/Sainsburys_Modern_Slavery_Statement_2016_17.pdf,1,,2016
5666067,https://wikirate.org/~5666067,Business & Human Rights Resource Centre+Modern Slavery Statement,Intermediate Capital Group plc,2018,Yes - UK Modern Slavery Act,https://wikirate.org/~5641544,https://www.icgam.com/~/media/Files/I/ICGAM/documents/msa-statement.pdf,1,"p.2 ""This is a statement of the steps that ICG plc and its subsidiaries (‚ÄúICG‚Äù) has taken for the financial year ending 31 March 2018, pursuant to Section 54 of the Modern Slavery Act 2015, to ensure that slavery and human trafficking is not taking place in its business or in its supply chains."" Aileen Robinson[https://wikirate.org/Aileen_Robinson].....2020-02-21 13:37:32 UTC",2017
5641564,https://wikirate.org/~5641564,Walk Free+MSA Identification of risks,Intermediate Capital Group plc,2018,Industry,https://wikirate.org/~5641544,https://www.icgam.com/~/media/Files/I/ICGAM/documents/msa-statement.pdf,1,"Industry - Even though they are not the greatest risk areas, but made comparison. Other than that, the statement didn't identify 20 suppliers among 164 not to be 'lower risk'. (P3) As shown in Figure 1, the majority of in scope suppliers within ICG‚Äôs supply chain are from professional service industries or relate to the provision of IT services and software, which are not high risk areas (P3) Of our 164 in scope suppliers, 20 were identified not to be ‚Äòlower risk‚Äô when the possibility of breaching the Modern Slavery Act‚Äôs described offences was considered Yina Ha[https://wikirate.org/Yina_Ha].....2019-11-17 01:10:36 UTC p.4 Company identifies property companies, fund administration service providers and travel agencies as higher risk ""Of the 20 suppliers who required a more detailed analysis, we had already conducted detailed due diligence exercises on 5 of those suppliers recently; we were satisfied with their practices in this area and their compliance with appropriate policies. In one additional case, t...",2017
6260778,https://wikirate.org/~6260778,Walk Free+MSA supply chain disclosure,Intermediate Capital Group plc,2018,Geographical,https://wikirate.org/~5641544,https://www.icgam.com/~/media/Files/I/ICGAM/documents/msa-statement.pdf,1,,2017
6260788,https://wikirate.org/~6260788,Walk Free+MSA risk assessment,Intermediate Capital Group plc,2018,"Risk-based questionnaires, Conducting research",https://wikirate.org/~5641544,https://www.icgam.com/~/media/Files/I/ICGAM/documents/msa-statement.pdf,1,,2017
6260763,https://wikirate.org/~6260763,Business & Human Rights Resource Centre+MSA statement signed,Intermediate Capital Group plc,2018,Signed by other role,https://wikirate.org/~5641544,https://www.icgam.com/~/media/Files/I/ICGAM/documents/msa-statement.pdf,1,,2017
6260783,https://wikirate.org/~6260783,Walk Free+MSA policy (revised),Intermediate Capital Group plc,2018,Contracts include clauses on forced labour (direct / tier 1),https://wikirate.org/~5641544,https://www.icgam.com/~/media/Files/I/ICGAM/documents/msa-statement.pdf,1,,2017
5641970,https://wikirate.org/~5641970,Business & Human Rights Resource Centre+MSA Statement Approval,Intermediate Capital Group plc,2018,Approved by Board,https://wikirate.org/~5466035,https://www.icgam.com/~/media/Files/I/ICGAM-V2/documents/msa-statement.pdf,1,"Approved by CEO(CIO) Yina Ha[https://wikirate.org/Yina_Ha].....2019-11-17 15:39:01 UTC (P3) This statement has been approved by the Board of Directors of each of Intermediate Capital Group PLC, ICG FMC Limited, ICG Alternative Investment Limited, Intermediate Capital Managers Limited, ICG Global Investment UK Limited and ICG Global Investment Jersey Limited and each other member of the Group, which carries on a business or part of a business in the United Kingdom. Yina Ha[https://wikirate.org/Yina_Ha].....2019-11-17 15:45:42 UTC This statement has been approved by the Board of Directors of each of Intermediate Capital Group PLC, ICG FMC Limited, ICG Alternative Investment Limited, Intermediate Capital Managers Limited, ICG Global Investment UK Limited and ICG Global Investment Jersey Limited and each other member of the Group, which carries on a business or part of a business in the United Kingdom.3 Laureen van Breen[https://wikirate.org/Laureen_van_Breen].....2021-04-02 06:40:09 UTC",2017
6260815,https://wikirate.org/~6260815,Walk Free+MSA Performance Indicators,Intermediate Capital Group plc,2018,No,https://wikirate.org/~5641544,https://www.icgam.com/~/media/Files/I/ICGAM/documents/msa-statement.pdf,1,,2017
6260806,https://wikirate.org/~6260806,Walk Free+MSA whistleblowing mechanism (revised),Intermediate Capital Group plc,2018,No,https://wikirate.org/~5641544,https://www.icgam.com/~/media/Files/I/ICGAM/documents/msa-statement.pdf,1,,2017
6260823,https://wikirate.org/~6260823,Walk Free+MSA Impact on Company Behaviour,Intermediate Capital Group plc,2018,No,https://wikirate.org/~5641544,https://www.icgam.com/~/media/Files/I/ICGAM/documents/msa-statement.pdf,1,,2017
5641616,https://wikirate.org/~5641616,Walk Free+MSA incidents remediation (revised),Intermediate Capital Group plc,2018,No,https://wikirate.org/~5466035,https://www.icgam.com/~/media/Files/I/ICGAM-V2/documents/msa-statement.pdf,1,"ICG explained the corrective steps very briefly. However, I think it is not enough to ensure whether ICG completely took the relevant steps to prevent the incident. (P3) All suppliers that pose a potential risk were formally contacted to request details of their practices and policies with respect to slavery and human trafficking.There are, currently, no known matters of concern and ICG is satisfied that none of its material supplier give rise to slavery or human trafficking concerns. Yina Ha[https://wikirate.org/Yina_Ha].....2019-11-17 01:39:30 UTC",2017
6260793,https://wikirate.org/~6260793,Walk Free+MSA risk management (revised),Intermediate Capital Group plc,2018,No,https://wikirate.org/~5641544,https://www.icgam.com/~/media/Files/I/ICGAM/documents/msa-statement.pdf,1,,2017
6260810,https://wikirate.org/~6260810,Walk Free+MSA training (revised),Intermediate Capital Group plc,2018,"Leadership, Training provided - not specified",https://wikirate.org/~5641544,https://www.icgam.com/~/media/Files/I/ICGAM/documents/msa-statement.pdf,1,"p.5 Leadership, business areas mostly to engage suppliers (not specified) ""ICG took steps during the year to raise awareness and conduct training for our employees regarding slavery and human trafficking and the implications of the Act for our business so that employees are equipped to identify risk factors and indicators of possible slavery and human trafficking, and react appropriately. This included training to all the European Investment Executives and presentations to the Board and detailed briefings with the business areas most likely to engage with higher risk suppliers."" Aileen Robinson[https://wikirate.org/Aileen_Robinson].....2020-06-24 12:20:35 UTC TRAINING AND AWARENESS ICG took steps during the year to raise awareness and conduct training for our employees regarding slavery and human trafficking and the implications of the Act for our business so that employees are equipped to identify risk factors and indicators of possible slavery and human trafficking, and react appropriately. This included...",2017
6260819,https://wikirate.org/~6260819,Walk Free+MSA Business Performance Indicators,Intermediate Capital Group plc,2018,No,https://wikirate.org/~5641544,https://www.icgam.com/~/media/Files/I/ICGAM/documents/msa-statement.pdf,1,,2017
6260798,https://wikirate.org/~6260798,Walk Free+MSA incidents identified,Intermediate Capital Group plc,2018,No,https://wikirate.org/~5641544,https://www.icgam.com/~/media/Files/I/ICGAM/documents/msa-statement.pdf,1,,2017
6260773,https://wikirate.org/~6260773,Walk Free+MSA Organizational structure and operations,Intermediate Capital Group plc,2018,No,https://wikirate.org/~5641544,https://www.icgam.com/~/media/Files/I/ICGAM/documents/msa-statement.pdf,1,,2017